Name,Module_Color,Module_Number,significant
aug_v2a.21186,darkgrey,21,yes
aug_v2a.15024,darkgrey,21,yes
aug_v2a.04766,darkgrey,21,yes
aug_v2a.13649,darkgrey,21,yes
aug_v2a.15506,darkgrey,21,yes
aug_v2a.19649,darkgrey,21,yes
aug_v2a.05591,darkgrey,21,yes
aug_v2a.13224,darkgrey,21,yes
aug_v2a.15445,darkgrey,21,yes
aug_v2a.11096,darkgrey,21,yes
aug_v2a.15478,darkgrey,21,yes
aug_v2a.10572,darkgrey,21,yes
aug_v2a.13879,darkgrey,21,yes
aug_v2a.16783,darkgrey,21,yes
aug_v2a.12480,darkgrey,21,yes
aug_v2a.17479,darkgrey,21,yes
aug_v2a.09977,darkgrey,21,yes
aug_v2a.04780,darkgrey,21,yes
aug_v2a.10547,darkgrey,21,yes
aug_v2a.05962,darkgrey,21,yes
aug_v2a.15866,darkgrey,21,yes
aug_v2a.12443,darkgrey,21,yes
aug_v2a.19764,darkgrey,21,yes
aug_v2a.24461,darkgrey,21,yes
aug_v2a.22167,darkgrey,21,yes
aug_v2a.23398,darkgrey,21,yes
aug_v2a.18127,darkgrey,21,yes
aug_v2a.21431,darkgrey,21,yes
aug_v2a.01459,darkgrey,21,yes
aug_v2a.24135,darkgrey,21,yes
aug_v2a.04481,darkgrey,21,yes
aug_v2a.14263,darkgrey,21,yes
aug_v2a.07871,darkgrey,21,yes
aug_v2a.11855,darkgrey,21,yes
aug_v2a.01676,darkgrey,21,yes
aug_v2a.05563,darkgrey,21,yes
aug_v2a.02055,darkgrey,21,yes
aug_v2a.21664,darkgrey,21,yes
aug_v2a.00896,darkgrey,21,yes
aug_v2a.06690,darkgrey,21,yes
aug_v2a.15740,darkgrey,21,yes
aug_v2a.15778,darkgrey,21,yes
aug_v2a.08220,darkgrey,21,yes
aug_v2a.12881,darkgrey,21,yes
aug_v2a.18252,darkgrey,21,yes
aug_v2a.13632,darkgrey,21,yes
aug_v2a.02500,darkgrey,21,yes
aug_v2a.10596,darkgrey,21,yes
aug_v2a.22277,darkgrey,21,yes
aug_v2a.09904,darkgrey,21,yes
aug_v2a.17969,darkgrey,21,yes
aug_v2a.19031,darkgrey,21,yes
aug_v2a.01345,darkgrey,21,yes
aug_v2a.11781,darkgrey,21,yes
aug_v2a.09103,darkgrey,21,yes
aug_v2a.01224,darkgrey,21,yes
aug_v2a.01598,darkgrey,21,yes
aug_v2a.04086,darkgrey,21,yes
aug_v2a.09912,darkgrey,21,yes
aug_v2a.22596,darkgrey,21,yes
aug_v2a.01815,darkgrey,21,yes
aug_v2a.01109,darkgrey,21,yes
aug_v2a.20776,darkgrey,21,yes
aug_v2a.03658,darkgrey,21,yes
aug_v2a.18210,darkgrey,21,yes
aug_v2a.17397,darkgrey,21,yes
aug_v2a.16547,darkgrey,21,yes
aug_v2a.08295,darkgrey,21,yes
aug_v2a.01310,darkgrey,21,yes
aug_v2a.11879,darkgrey,21,yes
aug_v2a.09362,darkgrey,21,yes
aug_v2a.19050,darkgrey,21,yes
aug_v2a.14080,darkgrey,21,yes
aug_v2a.18458,darkgrey,21,yes
aug_v2a.02395,darkgrey,21,yes
aug_v2a.19893,darkgrey,21,yes
aug_v2a.20815,darkgrey,21,yes
aug_v2a.17983,darkgrey,21,yes
aug_v2a.01859,darkgrey,21,yes
aug_v2a.07751,darkgrey,21,yes
aug_v2a.05174,darkgrey,21,yes
aug_v2a.17330,darkgrey,21,yes
aug_v2a.17985,darkgrey,21,yes
aug_v2a.01828,darkgrey,21,yes
aug_v2a.05892,darkgrey,21,yes
aug_v2a.05928,darkgrey,21,yes
aug_v2a.02275,darkgrey,21,yes
aug_v2a.12415,darkgrey,21,yes
aug_v2a.02423,darkgrey,21,yes
aug_v2a.00127,darkgrey,21,yes
aug_v2a.19786,darkgrey,21,yes
aug_v2a.09899,darkgrey,21,yes
aug_v2a.13343,darkgrey,21,yes
aug_v2a.01862,darkgrey,21,yes
aug_v2a.04349,darkgrey,21,yes
aug_v2a.18983,darkgrey,21,yes
aug_v2a.19720,darkgrey,21,yes
aug_v2a.04483,darkgrey,21,yes
aug_v2a.03744,darkgrey,21,yes
aug_v2a.05343,darkgrey,21,yes
aug_v2a.08642,darkgrey,21,yes
aug_v2a.15788,darkgrey,21,yes
aug_v2a.00553,darkgrey,21,yes
aug_v2a.16979,darkgrey,21,yes
aug_v2a.24106,darkgrey,21,yes
aug_v2a.02692,darkgrey,21,yes
aug_v2a.01132,darkgrey,21,yes
aug_v2a.21642,darkgrey,21,yes
aug_v2a.22689,darkgrey,21,yes
aug_v2a.18860,darkgrey,21,yes
aug_v2a.09965,darkgrey,21,yes
aug_v2a.08280,darkgrey,21,yes
aug_v2a.08929,darkgrey,21,yes
aug_v2a.04901,darkgrey,21,yes
aug_v2a.23572,darkgrey,21,yes
aug_v2a.14554,darkgrey,21,yes
aug_v2a.02998,darkgrey,21,yes
aug_v2a.09194,darkgrey,21,yes
aug_v2a.18393,darkgrey,21,yes
aug_v2a.10598,darkgrey,21,yes
aug_v2a.16353,darkgrey,21,yes
aug_v2a.02073,darkgrey,21,yes
aug_v2a.08288,darkgrey,21,yes
aug_v2a.10531,darkgrey,21,yes
aug_v2a.07055,darkgrey,21,yes
aug_v2a.24452,darkgrey,21,yes
aug_v2a.17813,darkgrey,21,yes
aug_v2a.20957,darkgrey,21,yes
aug_v2a.20321,darkgrey,21,yes
aug_v2a.15366,darkgrey,21,yes
aug_v2a.14716,darkgrey,21,yes
aug_v2a.03770,darkgrey,21,yes
aug_v2a.18799,darkgrey,21,yes
aug_v2a.21026,darkgrey,21,yes
aug_v2a.00172,darkgrey,21,yes
aug_v2a.04617,darkgrey,21,yes
aug_v2a.09650,darkgrey,21,yes
aug_v2a.01117,darkgrey,21,yes
aug_v2a.16956,darkgrey,21,yes
aug_v2a.17836,darkgrey,21,yes
aug_v2a.22121,darkgrey,21,yes
aug_v2a.16087,darkgrey,21,yes
aug_v2a.00765,darkgrey,21,yes
aug_v2a.00606,darkgrey,21,yes
aug_v2a.02128,darkgrey,21,yes
aug_v2a.19452,darkgrey,21,yes
aug_v2a.16208,darkgrey,21,yes
aug_v2a.00190,darkgrey,21,yes
aug_v2a.24300,darkgrey,21,yes
aug_v2a.01446,darkgrey,21,yes
aug_v2a.15902,darkgrey,21,yes
aug_v2a.21881,darkgrey,21,yes
aug_v2a.22267,darkgrey,21,yes
aug_v2a.18162,darkgrey,21,yes
aug_v2a.04616,darkgrey,21,yes
aug_v2a.17084,darkgrey,21,yes
aug_v2a.18683,darkgrey,21,yes
aug_v2a.14269,darkgrey,21,yes
aug_v2a.02755,darkgrey,21,yes
aug_v2a.15703,darkgrey,21,yes
aug_v2a.05797,darkgrey,21,yes
aug_v2a.20027,darkgrey,21,yes
aug_v2a.18569,darkgrey,21,yes
aug_v2a.16267,darkgrey,21,yes
aug_v2a.22472,darkgrey,21,yes
aug_v2a.07316,darkgrey,21,yes
aug_v2a.15874,darkgrey,21,yes
aug_v2a.09462,darkgrey,21,yes
aug_v2a.09955,darkgrey,21,yes
aug_v2a.07935,darkgrey,21,yes
aug_v2a.11767,darkgrey,21,yes
aug_v2a.14904,darkgrey,21,yes
aug_v2a.01594,darkgrey,21,yes
aug_v2a.14416,darkgrey,21,yes
aug_v2a.07004,darkgrey,21,yes
aug_v2a.24321,darkgrey,21,yes
aug_v2a.08128,darkgrey,21,yes
aug_v2a.05023,darkgrey,21,yes
aug_v2a.06787,darkgrey,21,yes
aug_v2a.06524,darkgrey,21,yes
aug_v2a.07427,darkgrey,21,yes
aug_v2a.03435,darkgrey,21,yes
aug_v2a.13414,darkgrey,21,yes
aug_v2a.14471,darkgrey,21,yes
aug_v2a.15789,darkgrey,21,yes
aug_v2a.15940,darkgrey,21,yes
aug_v2a.21523,darkgrey,21,yes
aug_v2a.07529,darkgrey,21,yes
aug_v2a.10993,darkgrey,21,yes
aug_v2a.08689,darkgrey,21,yes
aug_v2a.04004,darkgrey,21,yes
aug_v2a.14002,darkgrey,21,yes
aug_v2a.10330,darkgrey,21,yes
aug_v2a.19017,darkgrey,21,yes
aug_v2a.09611,darkgrey,21,yes
aug_v2a.14164,darkgrey,21,yes
aug_v2a.22236,darkgrey,21,yes
aug_v2a.21671,darkgrey,21,yes
aug_v2a.00725,darkgrey,21,yes
aug_v2a.05491,darkgrey,21,yes
aug_v2a.00092,darkgrey,21,yes
aug_v2a.00177,darkgrey,21,yes
aug_v2a.05016,darkgrey,21,yes
aug_v2a.14710,darkgrey,21,yes
aug_v2a.09374,darkgrey,21,yes
aug_v2a.16692,darkgrey,21,yes
aug_v2a.19197,darkgrey,21,yes
aug_v2a.19366,darkgrey,21,yes
aug_v2a.01217,darkgrey,21,yes
aug_v2a.14243,darkgrey,21,yes
aug_v2a.19117,darkgrey,21,yes
aug_v2a.03511,darkgrey,21,yes
aug_v2a.13583,darkgrey,21,yes
aug_v2a.18103,darkgrey,21,yes
aug_v2a.08028,darkgrey,21,yes
aug_v2a.13890,darkgrey,21,yes
aug_v2a.04816,darkgrey,21,yes
aug_v2a.23534,darkgrey,21,yes
aug_v2a.04492,darkgrey,21,yes
aug_v2a.08514,darkgrey,21,yes
aug_v2a.07043,darkgrey,21,yes
aug_v2a.14188,darkgrey,21,yes
aug_v2a.11196,darkgrey,21,yes
aug_v2a.04697,darkgrey,21,yes
aug_v2a.13869,darkgrey,21,yes
aug_v2a.09507,darkgrey,21,yes
aug_v2a.06545,darkgrey,21,yes
aug_v2a.15748,darkgrey,21,yes
aug_v2a.19379,darkgrey,21,yes
aug_v2a.01044,darkgrey,21,yes
aug_v2a.13250,darkgrey,21,yes
aug_v2a.21578,darkgrey,21,yes
aug_v2a.06555,darkgrey,21,yes
aug_v2a.08392,darkgrey,21,yes
aug_v2a.13372,darkgrey,21,yes
aug_v2a.16147,darkgrey,21,yes
aug_v2a.20517,darkgrey,21,yes
aug_v2a.13789,darkgrey,21,yes
aug_v2a.23093,darkgrey,21,no
aug_v2a.22568,darkgrey,21,no
aug_v2a.20389,darkgrey,21,no
aug_v2a.07060,darkgrey,21,no
aug_v2a.12246,darkgrey,21,no
aug_v2a.16689,darkgrey,21,no
aug_v2a.21943,darkgrey,21,no
aug_v2a.07486,darkgrey,21,no
aug_v2a.04887,darkgrey,21,no
aug_v2a.19656,darkgrey,21,no
aug_v2a.13268,darkgrey,21,no
aug_v2a.12776,darkgrey,21,no
aug_v2a.24581,darkgrey,21,no
aug_v2a.14746,darkgrey,21,no
aug_v2a.08955,darkgrey,21,no
aug_v2a.12398,darkgrey,21,no
aug_v2a.09525,darkgrey,21,no
aug_v2a.10097,darkgrey,21,no
aug_v2a.06030,darkgrey,21,no
aug_v2a.04154,darkgrey,21,no
aug_v2a.08953,darkgrey,21,no
aug_v2a.10259,darkgrey,21,no
aug_v2a.20340,darkgrey,21,no
aug_v2a.15898,darkgrey,21,no
aug_v2a.13582,darkgrey,21,no
aug_v2a.21610,darkgrey,21,no
aug_v2a.14147,darkgrey,21,no
aug_v2a.05770,darkgrey,21,no
aug_v2a.00005,darkgrey,21,no
aug_v2a.16805,darkgrey,21,no
aug_v2a.19113,darkgrey,21,no
aug_v2a.06567,darkgrey,21,no
aug_v2a.18426,darkgrey,21,no
aug_v2a.21882,darkgrey,21,no
aug_v2a.06225,darkgrey,21,no
aug_v2a.05743,darkgrey,21,no
aug_v2a.22778,darkgrey,21,no
aug_v2a.23115,darkgrey,21,no
aug_v2a.00497,darkgrey,21,no
aug_v2a.07986,darkgrey,21,no
aug_v2a.23541,darkgrey,21,no
aug_v2a.17747,darkgrey,21,no
aug_v2a.02436,darkgrey,21,no
aug_v2a.03068,darkgrey,21,no
aug_v2a.12943,darkgrey,21,no
aug_v2a.09114,darkgrey,21,no
aug_v2a.12096,darkgrey,21,no
aug_v2a.16841,darkgrey,21,no
aug_v2a.04984,darkgrey,21,no
aug_v2a.11237,darkgrey,21,no
aug_v2a.19883,darkgrey,21,no
aug_v2a.12525,darkgrey,21,no
aug_v2a.23816,darkgrey,21,no
aug_v2a.20050,darkgrey,21,no
aug_v2a.11653,darkgrey,21,no
aug_v2a.18406,darkgrey,21,no
aug_v2a.07981,darkgrey,21,no
aug_v2a.19090,darkgrey,21,no
aug_v2a.18225,darkgrey,21,no
aug_v2a.12690,darkgrey,21,no
aug_v2a.17358,lightcoral,13,yes
aug_v2a.10354,lightcoral,13,yes
aug_v2a.15809,lightcoral,13,yes
aug_v2a.21813,lightcoral,13,yes
aug_v2a.22907,lightcoral,13,yes
aug_v2a.11587,lightcoral,13,yes
aug_v2a.05725,lightcoral,13,yes
aug_v2a.11911,lightcoral,13,yes
aug_v2a.11400,lightcoral,13,yes
aug_v2a.08403,lightcoral,13,yes
aug_v2a.05906,lightcoral,13,yes
aug_v2a.19271,lightcoral,13,yes
aug_v2a.18319,lightcoral,13,yes
aug_v2a.13267,lightcoral,13,yes
aug_v2a.16574,lightcoral,13,yes
aug_v2a.12330,lightcoral,13,yes
aug_v2a.22628,lightcoral,13,yes
aug_v2a.06699,lightcoral,13,yes
aug_v2a.17882,lightcoral,13,yes
aug_v2a.01371,lightcoral,13,yes
aug_v2a.17494,lightcoral,13,yes
aug_v2a.13324,lightcoral,13,yes
aug_v2a.13034,lightcoral,13,yes
aug_v2a.13642,lightcoral,13,yes
aug_v2a.15196,lightcoral,13,yes
aug_v2a.22436,lightcoral,13,yes
aug_v2a.13939,lightcoral,13,yes
aug_v2a.10027,lightcoral,13,yes
aug_v2a.16402,lightcoral,13,yes
aug_v2a.07291,lightcoral,13,yes
aug_v2a.10209,lightcoral,13,yes
aug_v2a.09789,lightcoral,13,yes
aug_v2a.01284,lightcoral,13,yes
aug_v2a.23176,lightcoral,13,yes
aug_v2a.21854,lightcoral,13,yes
aug_v2a.23234,lightcoral,13,yes
aug_v2a.11808,lightcoral,13,yes
aug_v2a.13134,lightcoral,13,yes
aug_v2a.11407,lightcoral,13,yes
aug_v2a.11979,lightcoral,13,yes
aug_v2a.05305,lightcoral,13,yes
aug_v2a.07158,lightcoral,13,yes
aug_v2a.09686,lightcoral,13,yes
aug_v2a.18920,lightcoral,13,yes
aug_v2a.18330,lightcoral,13,yes
aug_v2a.00958,lightcoral,13,yes
aug_v2a.16292,lightcoral,13,yes
aug_v2a.00758,lightcoral,13,yes
aug_v2a.02639,lightcoral,13,yes
aug_v2a.14475,lightcoral,13,yes
aug_v2a.02488,lightcoral,13,yes
aug_v2a.03498,lightcoral,13,yes
aug_v2a.10365,lightcoral,13,yes
aug_v2a.18617,lightcoral,13,yes
aug_v2a.20779,lightcoral,13,yes
aug_v2a.09260,lightcoral,13,yes
aug_v2a.04559,lightcoral,13,yes
aug_v2a.20729,lightcoral,13,yes
aug_v2a.20566,lightcoral,13,yes
aug_v2a.14610,lightcoral,13,yes
aug_v2a.07426,lightcoral,13,yes
aug_v2a.02515,lightcoral,13,yes
aug_v2a.22975,lightcoral,13,yes
aug_v2a.10527,lightcoral,13,yes
aug_v2a.08468,lightcoral,13,yes
aug_v2a.01760,lightcoral,13,yes
aug_v2a.12084,lightcoral,13,yes
aug_v2a.08382,lightcoral,13,yes
aug_v2a.04852,lightcoral,13,yes
aug_v2a.20711,lightcoral,13,yes
aug_v2a.21999,lightcoral,13,yes
aug_v2a.14963,lightcoral,13,yes
aug_v2a.15992,lightcoral,13,yes
aug_v2a.22593,lightcoral,13,yes
aug_v2a.11752,lightcoral,13,yes
aug_v2a.22787,lightcoral,13,yes
aug_v2a.22953,lightcoral,13,yes
aug_v2a.22354,lightcoral,13,yes
aug_v2a.18921,lightcoral,13,yes
aug_v2a.18528,lightcoral,13,yes
aug_v2a.09775,lightcoral,13,yes
aug_v2a.13172,lightcoral,13,yes
aug_v2a.23321,lightcoral,13,yes
aug_v2a.17459,lightcoral,13,yes
aug_v2a.04948,lightcoral,13,yes
aug_v2a.13880,lightcoral,13,yes
aug_v2a.20897,lightcoral,13,yes
aug_v2a.21577,lightcoral,13,yes
aug_v2a.14006,lightcoral,13,yes
aug_v2a.18564,lightcoral,13,yes
aug_v2a.20301,lightcoral,13,yes
aug_v2a.09450,lightcoral,13,yes
aug_v2a.02131,lightcoral,13,yes
aug_v2a.20610,lightcoral,13,yes
aug_v2a.23864,lightcoral,13,yes
aug_v2a.03865,lightcoral,13,yes
aug_v2a.11079,lightcoral,13,yes
aug_v2a.22296,lightcoral,13,yes
aug_v2a.20772,lightcoral,13,yes
aug_v2a.17327,lightcoral,13,yes
aug_v2a.01633,lightcoral,13,yes
aug_v2a.03208,lightcoral,13,yes
aug_v2a.10942,lightcoral,13,yes
aug_v2a.14744,lightcoral,13,yes
aug_v2a.23381,lightcoral,13,yes
aug_v2a.11146,lightcoral,13,yes
aug_v2a.23920,lightcoral,13,yes
aug_v2a.13465,lightcoral,13,yes
aug_v2a.23033,lightcoral,13,yes
aug_v2a.20814,lightcoral,13,yes
aug_v2a.16295,lightcoral,13,yes
aug_v2a.16178,lightcoral,13,yes
aug_v2a.23199,lightcoral,13,yes
aug_v2a.13347,lightcoral,13,yes
aug_v2a.11162,lightcoral,13,yes
aug_v2a.22969,lightcoral,13,yes
aug_v2a.10764,lightcoral,13,yes
aug_v2a.03127,lightcoral,13,yes
aug_v2a.03539,lightcoral,13,yes
aug_v2a.04575,lightcoral,13,yes
aug_v2a.20192,lightcoral,13,yes
aug_v2a.15737,lightcoral,13,yes
aug_v2a.00961,lightcoral,13,yes
aug_v2a.22590,lightcoral,13,yes
aug_v2a.17843,lightcoral,13,yes
aug_v2a.19182,lightcoral,13,yes
aug_v2a.01319,lightcoral,13,yes
aug_v2a.22542,lightcoral,13,yes
aug_v2a.04709,lightcoral,13,yes
aug_v2a.15446,lightcoral,13,yes
aug_v2a.06842,lightcoral,13,yes
aug_v2a.24514,lightcoral,13,yes
aug_v2a.17442,lightcoral,13,yes
aug_v2a.04652,lightcoral,13,yes
aug_v2a.01839,lightcoral,13,yes
aug_v2a.18730,lightcoral,13,yes
aug_v2a.16393,lightcoral,13,yes
aug_v2a.01314,lightcoral,13,yes
aug_v2a.10371,lightcoral,13,yes
aug_v2a.22594,lightcoral,13,yes
aug_v2a.14273,lightcoral,13,yes
aug_v2a.21715,lightcoral,13,yes
aug_v2a.09276,lightcoral,13,yes
aug_v2a.03937,lightcoral,13,yes
aug_v2a.10757,lightcoral,13,yes
aug_v2a.01622,lightcoral,13,yes
aug_v2a.12534,lightcoral,13,yes
aug_v2a.19114,lightcoral,13,yes
aug_v2a.14402,lightcoral,13,yes
aug_v2a.19872,lightcoral,13,yes
aug_v2a.08294,lightcoral,13,yes
aug_v2a.04871,lightcoral,13,yes
aug_v2a.18563,lightcoral,13,yes
aug_v2a.04253,lightcoral,13,yes
aug_v2a.09130,lightcoral,13,yes
aug_v2a.14286,lightcoral,13,yes
aug_v2a.06896,lightcoral,13,yes
aug_v2a.20055,lightcoral,13,yes
aug_v2a.03710,lightcoral,13,yes
aug_v2a.03416,lightcoral,13,yes
aug_v2a.22339,lightcoral,13,yes
aug_v2a.05357,lightcoral,13,yes
aug_v2a.07107,lightcoral,13,yes
aug_v2a.12520,lightcoral,13,yes
aug_v2a.21371,lightcoral,13,yes
aug_v2a.10411,lightcoral,13,yes
aug_v2a.09880,lightcoral,13,yes
aug_v2a.11071,lightcoral,13,yes
aug_v2a.22473,lightcoral,13,yes
aug_v2a.01011,lightcoral,13,yes
aug_v2a.11078,lightcoral,13,yes
aug_v2a.22801,lightcoral,13,yes
aug_v2a.07137,lightcoral,13,yes
aug_v2a.04870,lightcoral,13,yes
aug_v2a.22249,lightcoral,13,yes
aug_v2a.06627,lightcoral,13,yes
aug_v2a.12075,lightcoral,13,yes
aug_v2a.13290,lightcoral,13,yes
aug_v2a.21661,lightcoral,13,yes
aug_v2a.14711,lightcoral,13,yes
aug_v2a.03990,lightcoral,13,yes
aug_v2a.07848,lightcoral,13,yes
aug_v2a.01424,lightcoral,13,yes
aug_v2a.18363,lightcoral,13,yes
aug_v2a.06180,lightcoral,13,yes
aug_v2a.09678,lightcoral,13,yes
aug_v2a.04658,lightcoral,13,yes
aug_v2a.01040,lightcoral,13,yes
aug_v2a.23109,lightcoral,13,yes
aug_v2a.11408,lightcoral,13,yes
aug_v2a.11826,lightcoral,13,yes
aug_v2a.12298,lightcoral,13,yes
aug_v2a.07577,lightcoral,13,yes
aug_v2a.19628,lightcoral,13,yes
aug_v2a.21895,lightcoral,13,yes
aug_v2a.19675,lightcoral,13,yes
aug_v2a.07901,lightcoral,13,yes
aug_v2a.15709,lightcoral,13,yes
aug_v2a.18739,lightcoral,13,yes
aug_v2a.06934,lightcoral,13,yes
aug_v2a.07170,lightcoral,13,yes
aug_v2a.06244,lightcoral,13,yes
aug_v2a.05653,lightcoral,13,yes
aug_v2a.02338,lightcoral,13,yes
aug_v2a.18829,lightcoral,13,yes
aug_v2a.19807,lightcoral,13,yes
aug_v2a.00104,lightcoral,13,yes
aug_v2a.03103,lightcoral,13,yes
aug_v2a.16775,lightcoral,13,yes
aug_v2a.18618,lightcoral,13,yes
aug_v2a.07547,lightcoral,13,yes
aug_v2a.16772,lightcoral,13,yes
aug_v2a.10497,lightcoral,13,yes
aug_v2a.16508,lightcoral,13,yes
aug_v2a.06367,lightcoral,13,yes
aug_v2a.16034,lightcoral,13,yes
aug_v2a.14329,lightcoral,13,yes
aug_v2a.00183,lightcoral,13,yes
aug_v2a.22466,lightcoral,13,yes
aug_v2a.00155,lightcoral,13,yes
aug_v2a.09347,lightcoral,13,yes
aug_v2a.16527,lightcoral,13,yes
aug_v2a.03049,lightcoral,13,yes
aug_v2a.19355,lightcoral,13,yes
aug_v2a.21547,lightcoral,13,yes
aug_v2a.11031,lightcoral,13,yes
aug_v2a.07347,lightcoral,13,yes
aug_v2a.16981,lightcoral,13,yes
aug_v2a.04659,lightcoral,13,yes
aug_v2a.11516,lightcoral,13,yes
aug_v2a.11229,lightcoral,13,yes
aug_v2a.16419,lightcoral,13,yes
aug_v2a.08444,lightcoral,13,yes
aug_v2a.14458,lightcoral,13,yes
aug_v2a.02561,lightcoral,13,yes
aug_v2a.16187,lightcoral,13,yes
aug_v2a.07744,lightcoral,13,yes
aug_v2a.19986,lightcoral,13,yes
aug_v2a.14763,lightcoral,13,yes
aug_v2a.00247,lightcoral,13,yes
aug_v2a.07390,lightcoral,13,yes
aug_v2a.20646,lightcoral,13,yes
aug_v2a.08326,lightcoral,13,yes
aug_v2a.16757,lightcoral,13,yes
aug_v2a.01728,lightcoral,13,yes
aug_v2a.07002,lightcoral,13,yes
aug_v2a.09333,lightcoral,13,yes
aug_v2a.00529,lightcoral,13,yes
aug_v2a.10498,lightcoral,13,yes
aug_v2a.23931,lightcoral,13,yes
aug_v2a.06449,lightcoral,13,yes
aug_v2a.22217,lightcoral,13,yes
aug_v2a.23932,lightcoral,13,yes
aug_v2a.01214,lightcoral,13,yes
aug_v2a.19071,lightcoral,13,yes
aug_v2a.13419,lightcoral,13,yes
aug_v2a.21585,lightcoral,13,yes
aug_v2a.21505,lightcoral,13,yes
aug_v2a.09140,lightcoral,13,yes
aug_v2a.13960,lightcoral,13,yes
aug_v2a.02837,lightcoral,13,yes
aug_v2a.16263,lightcoral,13,yes
aug_v2a.21054,lightcoral,13,yes
aug_v2a.23467,lightcoral,13,yes
aug_v2a.13411,lightcoral,13,yes
aug_v2a.01524,lightcoral,13,yes
aug_v2a.19671,lightcoral,13,yes
aug_v2a.08843,lightcoral,13,yes
aug_v2a.05195,lightcoral,13,yes
aug_v2a.14192,lightcoral,13,yes
aug_v2a.04958,lightcoral,13,yes
aug_v2a.20318,lightcoral,13,yes
aug_v2a.17682,lightcoral,13,yes
aug_v2a.24047,lightcoral,13,yes
aug_v2a.24013,lightcoral,13,yes
aug_v2a.16500,lightcoral,13,yes
aug_v2a.20406,lightcoral,13,yes
aug_v2a.24163,lightcoral,13,yes
aug_v2a.21899,lightcoral,13,yes
aug_v2a.16340,lightcoral,13,yes
aug_v2a.01984,lightcoral,13,yes
aug_v2a.05139,lightcoral,13,yes
aug_v2a.13082,lightcoral,13,yes
aug_v2a.15937,lightcoral,13,yes
aug_v2a.09380,lightcoral,13,yes
aug_v2a.13348,lightcoral,13,yes
aug_v2a.22622,lightcoral,13,yes
aug_v2a.18737,lightcoral,13,yes
aug_v2a.02434,lightcoral,13,yes
aug_v2a.15090,lightcoral,13,yes
aug_v2a.23387,lightcoral,13,yes
aug_v2a.12986,lightcoral,13,yes
aug_v2a.16639,lightcoral,13,yes
aug_v2a.08652,lightcoral,13,yes
aug_v2a.18333,lightcoral,13,yes
aug_v2a.18926,lightcoral,13,yes
aug_v2a.07874,lightcoral,13,yes
aug_v2a.11445,lightcoral,13,yes
aug_v2a.15409,lightcoral,13,yes
aug_v2a.10011,lightcoral,13,yes
aug_v2a.00952,lightcoral,13,yes
aug_v2a.17364,lightcoral,13,yes
aug_v2a.13829,lightcoral,13,yes
aug_v2a.08233,lightcoral,13,yes
aug_v2a.08308,lightcoral,13,yes
aug_v2a.19518,lightcoral,13,yes
aug_v2a.21582,lightcoral,13,yes
aug_v2a.06707,lightcoral,13,yes
aug_v2a.00421,lightcoral,13,yes
aug_v2a.19240,lightcoral,13,yes
aug_v2a.20387,lightcoral,13,yes
aug_v2a.05678,lightcoral,13,yes
aug_v2a.12543,lightcoral,13,yes
aug_v2a.12851,lightcoral,13,yes
aug_v2a.15658,lightcoral,13,yes
aug_v2a.05493,lightcoral,13,yes
aug_v2a.07793,lightcoral,13,yes
aug_v2a.23780,lightcoral,13,yes
aug_v2a.07920,lightcoral,13,yes
aug_v2a.17900,lightcoral,13,yes
aug_v2a.17075,lightcoral,13,yes
aug_v2a.17163,lightcoral,13,yes
aug_v2a.00752,lightcoral,13,yes
aug_v2a.02836,lightcoral,13,yes
aug_v2a.05279,lightcoral,13,yes
aug_v2a.07900,lightcoral,13,yes
aug_v2a.20020,lightcoral,13,yes
aug_v2a.18223,lightcoral,13,yes
aug_v2a.18411,lightcoral,13,yes
aug_v2a.08292,lightcoral,13,yes
aug_v2a.13344,lightcoral,13,yes
aug_v2a.01551,lightcoral,13,yes
aug_v2a.00613,lightcoral,13,yes
aug_v2a.22999,lightcoral,13,yes
aug_v2a.00753,lightcoral,13,yes
aug_v2a.12101,lightcoral,13,yes
aug_v2a.20407,lightcoral,13,yes
aug_v2a.06827,lightcoral,13,yes
aug_v2a.10748,lightcoral,13,yes
aug_v2a.17482,lightcoral,13,yes
aug_v2a.11130,lightcoral,13,yes
aug_v2a.13822,lightcoral,13,yes
aug_v2a.13266,lightcoral,13,yes
aug_v2a.22830,lightcoral,13,yes
aug_v2a.04951,lightcoral,13,yes
aug_v2a.15285,lightcoral,13,yes
aug_v2a.05914,lightcoral,13,yes
aug_v2a.11292,lightcoral,13,yes
aug_v2a.00109,lightcoral,13,yes
aug_v2a.19414,lightcoral,13,yes
aug_v2a.00105,lightcoral,13,yes
aug_v2a.23438,lightcoral,13,yes
aug_v2a.05457,lightcoral,13,yes
aug_v2a.00571,lightcoral,13,yes
aug_v2a.16532,lightcoral,13,yes
aug_v2a.05194,lightcoral,13,yes
aug_v2a.02210,lightcoral,13,yes
aug_v2a.23131,lightcoral,13,yes
aug_v2a.12347,lightcoral,13,yes
aug_v2a.22314,lightcoral,13,yes
aug_v2a.06012,lightcoral,13,yes
aug_v2a.20707,lightcoral,13,yes
aug_v2a.06010,lightcoral,13,yes
aug_v2a.23279,lightcoral,13,yes
aug_v2a.20345,lightcoral,13,yes
aug_v2a.20573,lightcoral,13,yes
aug_v2a.01071,lightcoral,13,yes
aug_v2a.14499,lightcoral,13,yes
aug_v2a.18078,lightcoral,13,yes
aug_v2a.20969,lightcoral,13,yes
aug_v2a.09643,lightcoral,13,yes
aug_v2a.23779,lightcoral,13,yes
aug_v2a.14523,lightcoral,13,yes
aug_v2a.08346,lightcoral,13,yes
aug_v2a.17583,lightcoral,13,yes
aug_v2a.01315,lightcoral,13,yes
aug_v2a.06432,lightcoral,13,yes
aug_v2a.17461,lightcoral,13,yes
aug_v2a.00391,lightcoral,13,yes
aug_v2a.02406,lightcoral,13,yes
aug_v2a.19504,lightcoral,13,yes
aug_v2a.15030,lightcoral,13,yes
aug_v2a.17334,lightcoral,13,yes
aug_v2a.00696,lightcoral,13,yes
aug_v2a.03903,lightcoral,13,yes
aug_v2a.01985,lightcoral,13,yes
aug_v2a.01281,lightcoral,13,yes
aug_v2a.23012,lightcoral,13,yes
aug_v2a.15425,lightcoral,13,yes
aug_v2a.10101,lightcoral,13,yes
aug_v2a.12450,lightcoral,13,yes
aug_v2a.06154,lightcoral,13,yes
aug_v2a.18348,lightcoral,13,yes
aug_v2a.12559,lightcoral,13,yes
aug_v2a.24534,lightcoral,13,yes
aug_v2a.04599,lightcoral,13,yes
aug_v2a.14380,lightcoral,13,yes
aug_v2a.00809,lightcoral,13,yes
aug_v2a.10311,lightcoral,13,yes
aug_v2a.20240,lightcoral,13,yes
aug_v2a.18715,lightcoral,13,yes
aug_v2a.09079,lightcoral,13,yes
aug_v2a.09005,lightcoral,13,yes
aug_v2a.17796,lightcoral,13,yes
aug_v2a.21685,lightcoral,13,yes
aug_v2a.16770,lightcoral,13,yes
aug_v2a.03573,lightcoral,13,yes
aug_v2a.08888,lightcoral,13,yes
aug_v2a.17797_aug_v2a.17796,lightcoral,13,yes
aug_v2a.17796_aug_v2a.17796_aug_v2a.17797_aug_v2a.17796_aug_v2a.17797_aug_v2a.17796,lightcoral,13,yes
aug_v2a.17796_aug_v2a.17796_aug_v2a.17796_aug_v2a.17797_aug_v2a.17796_aug_v2a.17797_aug_v2a.17796_aug_v2a.17796_aug_v2a.17797_aug_v2a.17796_aug_v2a.17797_aug_v2a.17796,lightcoral,13,yes
aug_v2a.17796_aug_v2a.17796_aug_v2a.17796_aug_v2a.17796_aug_v2a.17797_aug_v2a.17796_aug_v2a.17797_aug_v2a.17796_aug_v2a.17796_aug_v2a.17797_aug_v2a.17796_aug_v2a.17797_aug_v2a.17796_aug_v2a.17796_aug_,lightcoral,13,yes
aug_v2a.17796_aug_v2a.17797_aug_v2a.17796,lightcoral,13,yes
aug_v2a.10700,lightcoral,13,yes
aug_v2a.10681,lightcoral,13,yes
aug_v2a.03455,lightcoral,13,yes
aug_v2a.15233,lightcoral,13,yes
aug_v2a.20163,lightcoral,13,yes
aug_v2a.13058,lightcoral,13,yes
aug_v2a.23025,lightcoral,13,yes
aug_v2a.20423,lightcoral,13,yes
aug_v2a.16378,lightcoral,13,yes
aug_v2a.01445,lightcoral,13,yes
aug_v2a.15126,lightcoral,13,yes
aug_v2a.15702,lightcoral,13,yes
aug_v2a.08262,lightcoral,13,yes
aug_v2a.16955,lightcoral,13,yes
aug_v2a.22640,lightcoral,13,yes
aug_v2a.01703,lightcoral,13,yes
aug_v2a.23391,lightcoral,13,yes
aug_v2a.01435,lightcoral,13,yes
aug_v2a.14403,lightcoral,13,yes
aug_v2a.11409,lightcoral,13,yes
aug_v2a.15098,lightcoral,13,yes
aug_v2a.16026,lightcoral,13,yes
aug_v2a.05552,lightcoral,13,yes
aug_v2a.19559,lightcoral,13,yes
aug_v2a.05314,lightcoral,13,yes
aug_v2a.20375,lightcoral,13,yes
aug_v2a.05528,lightcoral,13,yes
aug_v2a.17423,lightcoral,13,yes
aug_v2a.17023,lightcoral,13,yes
aug_v2a.13044,lightcoral,13,yes
aug_v2a.07921,lightcoral,13,yes
aug_v2a.17797,lightcoral,13,yes
aug_v2a.22085,lightcoral,13,yes
aug_v2a.01049,lightcoral,13,yes
aug_v2a.18560,lightcoral,13,yes
aug_v2a.21070,lightcoral,13,yes
aug_v2a.14360,lightcoral,13,yes
aug_v2a.19989,lightcoral,13,yes
aug_v2a.21327,lightcoral,13,yes
aug_v2a.17322,lightcoral,13,yes
aug_v2a.01886,lightcoral,13,yes
aug_v2a.02949,lightcoral,13,yes
aug_v2a.18315,lightcoral,13,yes
aug_v2a.17048,lightcoral,13,yes
aug_v2a.05636,lightcoral,13,yes
aug_v2a.11892,lightcoral,13,yes
aug_v2a.06736,lightcoral,13,yes
aug_v2a.22786,lightcoral,13,yes
aug_v2a.03809,lightcoral,13,yes
aug_v2a.18879,lightcoral,13,yes
aug_v2a.18435,lightcoral,13,yes
aug_v2a.17195,lightcoral,13,yes
aug_v2a.15001,lightcoral,13,yes
aug_v2a.16785,lightcoral,13,yes
aug_v2a.22701,lightcoral,13,yes
aug_v2a.13472,lightcoral,13,yes
aug_v2a.02955,lightcoral,13,yes
aug_v2a.15677,lightcoral,13,yes
aug_v2a.21890,lightcoral,13,yes
aug_v2a.03022,lightcoral,13,yes
aug_v2a.11891,lightcoral,13,yes
aug_v2a.08148,lightcoral,13,yes
aug_v2a.03813,lightcoral,13,yes
aug_v2a.22009,lightcoral,13,yes
aug_v2a.18724,lightcoral,13,yes
aug_v2a.05589,lightcoral,13,yes
aug_v2a.05726,lightcoral,13,yes
aug_v2a.13541,lightcoral,13,yes
aug_v2a.22906,lightcoral,13,yes
aug_v2a.24279,lightcoral,13,yes
aug_v2a.16188,lightcoral,13,yes
aug_v2a.21058,lightcoral,13,yes
aug_v2a.11458,lightcoral,13,yes
aug_v2a.17517,lightcoral,13,yes
aug_v2a.18010,lightcoral,13,yes
aug_v2a.04354,lightcoral,13,yes
aug_v2a.19811,lightcoral,13,yes
aug_v2a.15909,lightcoral,13,yes
aug_v2a.02629,lightcoral,13,yes
aug_v2a.05389,lightcoral,13,yes
aug_v2a.20119,lightcoral,13,yes
aug_v2a.15970,lightcoral,13,yes
aug_v2a.10810,lightcoral,13,yes
aug_v2a.01781,lightcoral,13,yes
aug_v2a.22595,lightcoral,13,yes
aug_v2a.23693,lightcoral,13,yes
aug_v2a.20974,lightcoral,13,yes
aug_v2a.08469,lightcoral,13,yes
aug_v2a.02297,lightcoral,13,yes
aug_v2a.15222,lightcoral,13,yes
aug_v2a.17203,lightcoral,13,yes
aug_v2a.19932,lightcoral,13,yes
aug_v2a.22941,lightcoral,13,yes
aug_v2a.11819,lightcoral,13,yes
aug_v2a.22603,lightcoral,13,yes
aug_v2a.12125,lightcoral,13,yes
aug_v2a.03469,lightcoral,13,yes
aug_v2a.03187,lightcoral,13,yes
aug_v2a.04764,lightcoral,13,yes
aug_v2a.00545,lightcoral,13,yes
aug_v2a.21964,lightcoral,13,yes
aug_v2a.09188,lightcoral,13,yes
aug_v2a.03546,lightcoral,13,yes
aug_v2a.23322,lightcoral,13,yes
aug_v2a.07419,lightcoral,13,yes
aug_v2a.13938,lightcoral,13,yes
aug_v2a.12167,lightcoral,13,yes
aug_v2a.14720,lightcoral,13,yes
aug_v2a.23156,lightcoral,13,yes
aug_v2a.14826,lightcoral,13,yes
aug_v2a.15701,lightcoral,13,yes
aug_v2a.11643,lightcoral,13,yes
aug_v2a.04610,lightcoral,13,yes
aug_v2a.00957,lightcoral,13,yes
aug_v2a.20730,lightcoral,13,yes
aug_v2a.01179,lightcoral,13,yes
aug_v2a.21819,lightcoral,13,yes
aug_v2a.17692,lightcoral,13,yes
aug_v2a.11616,lightcoral,13,yes
aug_v2a.08132,lightcoral,13,yes
aug_v2a.05352,lightcoral,13,yes
aug_v2a.18804,lightcoral,13,yes
aug_v2a.01350,lightcoral,13,yes
aug_v2a.04399,lightcoral,13,yes
aug_v2a.06451,lightcoral,13,yes
aug_v2a.03401,lightcoral,13,yes
aug_v2a.04564,lightcoral,13,yes
aug_v2a.11615,lightcoral,13,yes
aug_v2a.18791,lightcoral,13,yes
aug_v2a.02665,lightcoral,13,yes
aug_v2a.15536,lightcoral,13,yes
aug_v2a.11056,lightcoral,13,yes
aug_v2a.09045,lightcoral,13,yes
aug_v2a.01675,lightcoral,13,yes
aug_v2a.14400,lightcoral,13,yes
aug_v2a.05905,lightcoral,13,yes
aug_v2a.21823,lightcoral,13,yes
aug_v2a.08937,lightcoral,13,yes
aug_v2a.06725,lightcoral,13,yes
aug_v2a.10285,lightcoral,13,yes
aug_v2a.08861,lightcoral,13,yes
aug_v2a.05145,lightcoral,13,yes
aug_v2a.19595,lightcoral,13,yes
aug_v2a.06984,lightcoral,13,yes
aug_v2a.14680,lightcoral,13,yes
aug_v2a.19966,lightcoral,13,yes
aug_v2a.12409,lightcoral,13,yes
aug_v2a.13247,lightcoral,13,yes
aug_v2a.17403,lightcoral,13,yes
aug_v2a.23774,lightcoral,13,yes
aug_v2a.04124,lightcoral,13,yes
aug_v2a.13239,lightcoral,13,yes
aug_v2a.04062,lightcoral,13,yes
aug_v2a.06928,lightcoral,13,yes
aug_v2a.19304,lightcoral,13,yes
aug_v2a.13815,lightcoral,13,yes
aug_v2a.20371,lightcoral,13,yes
aug_v2a.16471,lightcoral,13,yes
aug_v2a.03350,lightcoral,13,yes
aug_v2a.00178,lightcoral,13,yes
aug_v2a.08289,lightcoral,13,yes
aug_v2a.15387,lightcoral,13,yes
aug_v2a.15318,lightcoral,13,yes
aug_v2a.15271,lightcoral,13,yes
aug_v2a.13429,lightcoral,13,yes
aug_v2a.07346,lightcoral,13,yes
aug_v2a.22970,lightcoral,13,yes
aug_v2a.00533,lightcoral,13,yes
aug_v2a.20409,lightcoral,13,yes
aug_v2a.18251,lightcoral,13,yes
aug_v2a.02623,lightcoral,13,yes
aug_v2a.11148,lightcoral,13,yes
aug_v2a.08626,lightcoral,13,yes
aug_v2a.12007,lightcoral,13,yes
aug_v2a.11920,lightcoral,13,yes
aug_v2a.12316,lightcoral,13,yes
aug_v2a.05949,lightcoral,13,yes
aug_v2a.19429,lightcoral,13,yes
aug_v2a.07807,lightcoral,13,yes
aug_v2a.13238,lightcoral,13,yes
aug_v2a.04914,lightcoral,13,yes
aug_v2a.11885,lightcoral,13,yes
aug_v2a.14401,lightcoral,13,yes
aug_v2a.03974,lightcoral,13,yes
aug_v2a.24296,lightcoral,13,yes
aug_v2a.08504,lightcoral,13,yes
aug_v2a.05027,lightcoral,13,yes
aug_v2a.19592,lightcoral,13,yes
aug_v2a.05919,lightcoral,13,yes
aug_v2a.18082,lightcoral,13,yes
aug_v2a.17297,lightcoral,13,yes
aug_v2a.22947,lightcoral,13,yes
aug_v2a.06883,lightcoral,13,yes
aug_v2a.07411,lightcoral,13,yes
aug_v2a.01580,lightcoral,13,yes
aug_v2a.11869,lightcoral,13,yes
aug_v2a.24366,lightcoral,13,yes
aug_v2a.15535,lightcoral,13,yes
aug_v2a.02666,lightcoral,13,yes
aug_v2a.22894,lightcoral,13,yes
aug_v2a.16777,lightcoral,13,yes
aug_v2a.19527,lightcoral,13,yes
aug_v2a.16489,lightcoral,13,yes
aug_v2a.02411,lightcoral,13,yes
aug_v2a.05450,lightcoral,13,yes
aug_v2a.01385,lightcoral,13,yes
aug_v2a.12210,lightcoral,13,yes
aug_v2a.16945,lightcoral,13,yes
aug_v2a.19495,lightcoral,13,yes
aug_v2a.21050,lightcoral,13,yes
aug_v2a.15128,lightcoral,13,yes
aug_v2a.16094,lightcoral,13,yes
aug_v2a.06821,lightcoral,13,yes
aug_v2a.20446,lightcoral,13,yes
aug_v2a.15969,lightcoral,13,yes
aug_v2a.21894,lightcoral,13,yes
aug_v2a.07473,lightcoral,13,yes
aug_v2a.17104,lightcoral,13,yes
aug_v2a.22100,lightcoral,13,yes
aug_v2a.12654,lightcoral,13,yes
aug_v2a.08897,lightcoral,13,yes
aug_v2a.12529,lightcoral,13,yes
aug_v2a.07418,lightcoral,13,yes
aug_v2a.14772,lightcoral,13,yes
aug_v2a.15000,lightcoral,13,yes
aug_v2a.21782,lightcoral,13,yes
aug_v2a.15647,lightcoral,13,yes
aug_v2a.24217,lightcoral,13,yes
aug_v2a.24650,lightcoral,13,yes
aug_v2a.09780,lightcoral,13,yes
aug_v2a.22536,lightcoral,13,yes
aug_v2a.16121,lightcoral,13,yes
aug_v2a.05510,lightcoral,13,yes
aug_v2a.19244,lightcoral,13,yes
aug_v2a.20001,lightcoral,13,yes
aug_v2a.21790,lightcoral,13,yes
aug_v2a.23086,lightcoral,13,yes
aug_v2a.15107,lightcoral,13,yes
aug_v2a.14383,lightcoral,13,yes
aug_v2a.11876,lightcoral,13,yes
aug_v2a.16283,lightcoral,13,yes
aug_v2a.10724,lightcoral,13,yes
aug_v2a.02309,lightcoral,13,yes
aug_v2a.05297,lightcoral,13,yes
aug_v2a.07211,lightcoral,13,yes
aug_v2a.05950,lightcoral,13,yes
aug_v2a.03203,lightcoral,13,yes
aug_v2a.02461,lightcoral,13,yes
aug_v2a.18775,lightcoral,13,yes
aug_v2a.05251,lightcoral,13,yes
aug_v2a.01024,lightcoral,13,yes
aug_v2a.16555,lightcoral,13,yes
aug_v2a.02608,lightcoral,13,yes
aug_v2a.18957,lightcoral,13,yes
aug_v2a.19939,lightcoral,13,no
aug_v2a.04049,lightcoral,13,no
aug_v2a.23043,lightcoral,13,no
aug_v2a.13975,lightcoral,13,no
aug_v2a.18134,lightcoral,13,no
aug_v2a.18133,lightcoral,13,no
aug_v2a.08674,lightcoral,13,no
aug_v2a.20848,lightcoral,13,no
aug_v2a.13567,lightcoral,13,no
aug_v2a.04675,lightcoral,13,no
aug_v2a.24353,lightcoral,13,no
aug_v2a.03826,lightcoral,13,no
aug_v2a.08882,lightcoral,13,no
aug_v2a.18276,lightcoral,13,no
aug_v2a.14881,lightcoral,13,no
aug_v2a.15708,lightcoral,13,no
aug_v2a.05414,lightcoral,13,no
aug_v2a.22191,lightcoral,13,no
aug_v2a.01513,lightcoral,13,no
aug_v2a.09141,lightcoral,13,no
aug_v2a.06151,lightcoral,13,no
aug_v2a.02611,lightcoral,13,no
aug_v2a.01256,lightcoral,13,no
aug_v2a.00522,lightcoral,13,no
aug_v2a.12646,lightcoral,13,no
aug_v2a.13027,lightcoral,13,no
aug_v2a.11727,lightcoral,13,no
aug_v2a.00273,lightcoral,13,no
aug_v2a.09914,lightcoral,13,no
aug_v2a.10228,lightcoral,13,no
aug_v2a.19661,lightcoral,13,no
aug_v2a.16441,lightcoral,13,no
aug_v2a.11272,lightcoral,13,no
aug_v2a.15146,lightcoral,13,no
aug_v2a.17805,lightcoral,13,no
aug_v2a.14718,lightcoral,13,no
aug_v2a.18130,lightcoral,13,no
aug_v2a.23106,lightcoral,13,no
aug_v2a.01785,lightcoral,13,no
aug_v2a.12831,lightcoral,13,no
aug_v2a.04940,lightcoral,13,no
aug_v2a.16036,lightcoral,13,no
aug_v2a.06829,lightcoral,13,no
aug_v2a.19052,lightcoral,13,no
aug_v2a.13157,lightcoral,13,no
aug_v2a.06059,lightcoral,13,no
aug_v2a.18889,lightcoral,13,no
aug_v2a.22983,lightcoral,13,no
aug_v2a.19681,lightcoral,13,no
aug_v2a.17831,lightcoral,13,no
aug_v2a.20911,lightcoral,13,no
aug_v2a.05071,lightcoral,13,no
aug_v2a.18046,lightcoral,13,no
aug_v2a.20620,lightcoral,13,no
aug_v2a.06676,lightcoral,13,no
aug_v2a.20712,lightcoral,13,no
aug_v2a.21807,lightcoral,13,no
aug_v2a.17899,lightcoral,13,no
aug_v2a.18053,lightcoral,13,no
aug_v2a.01803,lightcoral,13,no
aug_v2a.22634,lightcoral,13,no
aug_v2a.07581,lightcoral,13,no
aug_v2a.10920,lightcoral,13,no
aug_v2a.06977,lightcoral,13,no
aug_v2a.24413,lightcoral,13,no
aug_v2a.24602,lightcoral,13,no
aug_v2a.01710,lightcoral,13,no
aug_v2a.07503,lightcoral,13,no
aug_v2a.10912,lightcoral,13,no
aug_v2a.06199,lightcoral,13,no
aug_v2a.07080,lightcoral,13,no
aug_v2a.08977,lightcoral,13,no
aug_v2a.08261,lightcoral,13,no
aug_v2a.00185,lightcoral,13,no
aug_v2a.22226,lightcoral,13,no
aug_v2a.08361,lightcoral,13,no
aug_v2a.23410,lightcoral,13,no
aug_v2a.14801,lightcoral,13,no
aug_v2a.12611,lightcoral,13,no
aug_v2a.17430,lightcoral,13,no
aug_v2a.13035,lightcoral,13,no
aug_v2a.17144,lightcoral,13,no
aug_v2a.08136,lightcoral,13,no
aug_v2a.13361,lightcoral,13,no
aug_v2a.12846,lightcoral,13,no
aug_v2a.23476,lightcoral,13,no
aug_v2a.13045,lightcoral,13,no
aug_v2a.12519,lightcoral,13,no
aug_v2a.10158,lightcoral,13,no
aug_v2a.10919,lightcoral,13,no
aug_v2a.02064,lightcoral,13,no
aug_v2a.20126,lightcoral,13,no
aug_v2a.02059,lightcoral,13,no
aug_v2a.09352,lightcoral,13,no
aug_v2a.15845,lightcoral,13,no
aug_v2a.14367,lightcoral,13,no
aug_v2a.07815,lightcoral,13,no
aug_v2a.10210,lightcoral,13,no
aug_v2a.07132,lightcoral,13,no
aug_v2a.12178,lightcoral,13,no
aug_v2a.12929,lightcoral,13,no
aug_v2a.18422,lightcoral,13,no
aug_v2a.02874,lightcoral,13,no
aug_v2a.13962,lightcoral,13,no
aug_v2a.19702,lightcoral,13,no
aug_v2a.15332,lightcoral,13,no
aug_v2a.12201,lightcoral,13,no
aug_v2a.13987,lightcoral,13,no
aug_v2a.22346,lightcoral,13,no
aug_v2a.01298,lightcoral,13,no
aug_v2a.22616,lightcoral,13,no
aug_v2a.02298,lightcoral,13,no
aug_v2a.17886,lightcoral,13,no
aug_v2a.00557,lightcoral,13,no
aug_v2a.16368,lightcoral,13,no
aug_v2a.02853,lightcoral,13,no
aug_v2a.22322,lightcoral,13,no
aug_v2a.09193,lightcoral,13,no
aug_v2a.10271,lightcoral,13,no
aug_v2a.19276,lightcoral,13,no
aug_v2a.19570,lightcoral,13,no
aug_v2a.22617,lightcoral,13,no
aug_v2a.03900,lightcoral,13,no
aug_v2a.17230,lightcoral,13,no
aug_v2a.14697,lightcoral,13,no
aug_v2a.05253,lightcoral,13,no
aug_v2a.15123,lightcoral,13,no
aug_v2a.10425,lightcoral,13,no
aug_v2a.04202,lightcoral,13,no
aug_v2a.10264,lightcoral,13,no
aug_v2a.19303,lightcoral,13,no
aug_v2a.03741,lightcoral,13,no
aug_v2a.23835,lightcoral,13,no
aug_v2a.10319,lightcoral,13,no
aug_v2a.03045,lightcoral,13,no
aug_v2a.01885,lightcoral,13,no
aug_v2a.04842,lightcoral,13,no
aug_v2a.14937,lightcoral,13,no
aug_v2a.15750,lightcoral,13,no
aug_v2a.19781,lightcoral,13,no
aug_v2a.05609,lightcoral,13,no
aug_v2a.08847,lightcoral,13,no
aug_v2a.06824,lightcoral,13,no
aug_v2a.06806,lightcoral,13,no
aug_v2a.21411,lightcoral,13,no
aug_v2a.23233,lightcoral,13,no
aug_v2a.19354,lightcoral,13,no
aug_v2a.19941,lightcoral,13,no
aug_v2a.12836,lightcoral,13,no
aug_v2a.04605,lightcoral,13,no
aug_v2a.23367,lightcoral,13,no
aug_v2a.09434,lightcoral,13,no
aug_v2a.02664,lightcoral,13,no
aug_v2a.13698,lightcoral,13,no
aug_v2a.03947,lightcoral,13,no
aug_v2a.00182,lightcoral,13,no
aug_v2a.14422,lightcoral,13,no
aug_v2a.07761,lightcoral,13,no
aug_v2a.09740,lightcoral,13,no
aug_v2a.21831,lightcoral,13,no
aug_v2a.17945,lightcoral,13,no
aug_v2a.17825,lightcoral,13,no
aug_v2a.08052,lightcoral,13,no
aug_v2a.18157,lightcoral,13,no
aug_v2a.04378,lightcoral,13,no
aug_v2a.10683,lightcoral,13,no
aug_v2a.17128,lightcoral,13,no
aug_v2a.20543,lightcoral,13,no
aug_v2a.22824,lightcoral,13,no
aug_v2a.07668,lightcoral,13,no
aug_v2a.20833,lightcoral,13,no
aug_v2a.19556,lightcoral,13,no
aug_v2a.14101,lightcoral,13,no
aug_v2a.23132,lightcoral,13,no
aug_v2a.13878,lightcoral,13,no
aug_v2a.03487,lightcoral,13,no
aug_v2a.16108,lightcoral,13,no
aug_v2a.13018,lightcoral,13,no
aug_v2a.10667,lightcoral,13,no
aug_v2a.22814,lightcoral,13,no
aug_v2a.08034,lightcoral,13,no
aug_v2a.08035,lightcoral,13,no
aug_v2a.09784,lightcoral,13,no
aug_v2a.10137,lightcoral,13,no
aug_v2a.05642,lightcoral,13,no
aug_v2a.10397,lightcoral,13,no
aug_v2a.02966,lightcoral,13,no
aug_v2a.17125,lightcoral,13,no
aug_v2a.06423,lightcoral,13,no
aug_v2a.08673,lightcoral,13,no
aug_v2a.15861,lightcoral,13,no
aug_v2a.00216,lightcoral,13,no
aug_v2a.13350,lightcoral,13,no
aug_v2a.15603,lightcoral,13,no
aug_v2a.03192,lightcoral,13,no
aug_v2a.17853,lightcoral,13,no
aug_v2a.00260,lightcoral,13,no
aug_v2a.22815,lightcoral,13,no
aug_v2a.04101,lightcoral,13,no
aug_v2a.07463,lightcoral,13,no
aug_v2a.04451,lightcoral,13,no
aug_v2a.21484,lightcoral,13,no
aug_v2a.06388,lightcoral,13,no
aug_v2a.04448,lightcoral,13,no
aug_v2a.04584,lightcoral,13,no
aug_v2a.19028,lightcoral,13,no
aug_v2a.04263,lightcoral,13,no
aug_v2a.02337,lightcoral,13,no
aug_v2a.11277,lightcoral,13,no
aug_v2a.22311,lightcoral,13,no
aug_v2a.06222,lightcoral,13,no
aug_v2a.06221,lightcoral,13,no
aug_v2a.13310,lightcoral,13,no
aug_v2a.19821,lightcoral,13,no
aug_v2a.20172,lightcoral,13,no
aug_v2a.03415,lightcoral,13,no
aug_v2a.22571,lightcoral,13,no
aug_v2a.01821,lightcoral,13,no
aug_v2a.00911,lightcoral,13,no
aug_v2a.19613,lightcoral,13,no
aug_v2a.13926,lightcoral,13,no
aug_v2a.03802,lightcoral,13,no
aug_v2a.23338,lightcoral,13,no
aug_v2a.18797,lightcoral,13,no
aug_v2a.08047,lightcoral,13,no
aug_v2a.09905,lightcoral,13,no
aug_v2a.20044,lightcoral,13,no
aug_v2a.14093,lightcoral,13,no
aug_v2a.21477,lightcoral,13,no
aug_v2a.19868,lightcoral,13,no
aug_v2a.23987,lightcoral,13,no
aug_v2a.03613,lightcoral,13,no
aug_v2a.01210,lightcoral,13,no
aug_v2a.24469,lightcoral,13,no
aug_v2a.20145,lightcoral,13,no
aug_v2a.02513,lightcoral,13,no
aug_v2a.05175,lightcoral,13,no
aug_v2a.22170,lightcoral,13,no
aug_v2a.06086,lightcoral,13,no
aug_v2a.23958,lightcoral,13,no
aug_v2a.12950,lightcoral,13,no
aug_v2a.04580,lightcoral,13,no
aug_v2a.02519,lightcoral,13,no
aug_v2a.10834,lightcoral,13,no
aug_v2a.10592,lightcoral,13,no
aug_v2a.18825,lightcoral,13,no
aug_v2a.16668,lightcoral,13,no
aug_v2a.03088,lightcoral,13,no
aug_v2a.11192,lightcoral,13,no
aug_v2a.16754,lightcoral,13,no
aug_v2a.15578,lightcoral,13,no
aug_v2a.16023,lightcoral,13,no
aug_v2a.22996,lightcoral,13,no
aug_v2a.15850,lightcoral,13,no
aug_v2a.08056,lightcoral,13,no
aug_v2a.08055,lightcoral,13,no
aug_v2a.18838,lightcoral,13,no
aug_v2a.24143,lightcoral,13,no
aug_v2a.08057,lightcoral,13,no
aug_v2a.21913,lightcoral,13,no
aug_v2a.18447,lightcoral,13,no
aug_v2a.04643,lightcoral,13,no
aug_v2a.02886,lightcoral,13,no
aug_v2a.14115,lightcoral,13,no
aug_v2a.07510,lightcoral,13,no
aug_v2a.09663,lightcoral,13,no
aug_v2a.04801,lightcoral,13,no
aug_v2a.14874,lightcoral,13,no
aug_v2a.19322,lightcoral,13,no
aug_v2a.15433,lightcoral,13,no
aug_v2a.11857,lightcoral,13,no
aug_v2a.06110,lightcoral,13,no
aug_v2a.14723,lightcoral,13,no
aug_v2a.21733,lightcoral,13,no
aug_v2a.13908,lightcoral,13,no
aug_v2a.23955,lightcoral,13,no
aug_v2a.16604,lightcoral,13,no
aug_v2a.12333,lightcoral,13,no
aug_v2a.16921,lightcoral,13,no
aug_v2a.19679,lightcoral,13,no
aug_v2a.20605,lightcoral,13,no
aug_v2a.02885,lightcoral,13,no
aug_v2a.17219,lightcoral,13,no
aug_v2a.18693,lightcoral,13,no
aug_v2a.07561,lightcoral,13,no
aug_v2a.13412,lightcoral,13,no
aug_v2a.06433,lightcoral,13,no
aug_v2a.03761,lightcoral,13,no
aug_v2a.24206,lightcoral,13,no
aug_v2a.23613,lightcoral,13,no
aug_v2a.09763,lightcoral,13,no
aug_v2a.14794,lightcoral,13,no
aug_v2a.18963,lightcoral,13,no
aug_v2a.18812,lightcoral,13,no
aug_v2a.06897,lightcoral,13,no
aug_v2a.03652,lightcoral,13,no
aug_v2a.12299,lightcoral,13,no
aug_v2a.02981,lightcoral,13,no
aug_v2a.07234,lightcoral,13,no
aug_v2a.20701,lightcoral,13,no
aug_v2a.20367,lightcoral,13,no
aug_v2a.20997,lightcoral,13,no
aug_v2a.20998,lightcoral,13,no
aug_v2a.19804,lightcoral,13,no
aug_v2a.02813,lightcoral,13,no
aug_v2a.15108,lightcoral,13,no
aug_v2a.01510,lightcoral,13,no
aug_v2a.08242,lightcoral,13,no
aug_v2a.02710,lightcoral,13,no
aug_v2a.01519,lightcoral,13,no
aug_v2a.20770,lightcoral,13,no
aug_v2a.17098,lightcoral,13,no
aug_v2a.16239,lightcoral,13,no
aug_v2a.12031,lightcoral,13,no
aug_v2a.09067,lightcoral,13,no
aug_v2a.08525,lightcoral,13,no
aug_v2a.22608,lightcoral,13,no
aug_v2a.03932,lightcoral,13,no
aug_v2a.17774,lightcoral,13,no
aug_v2a.20129,lightcoral,13,no
aug_v2a.19887,lightcoral,13,no
aug_v2a.24258,lightcoral,13,no
aug_v2a.11877,lightcoral,13,no
aug_v2a.21353,lightcoral,13,no
aug_v2a.05475,lightcoral,13,no
aug_v2a.13647,lightcoral,13,no
aug_v2a.05019,lightcoral,13,no
aug_v2a.19545,lightcoral,13,no
aug_v2a.12012,lightcoral,13,no
aug_v2a.09218,lightcoral,13,no
aug_v2a.09219,lightcoral,13,no
aug_v2a.16739,lightcoral,13,no
aug_v2a.17893,lightcoral,13,no
aug_v2a.19838,lightcoral,13,no
aug_v2a.09411,lightcoral,13,no
aug_v2a.22746,lightcoral,13,no
aug_v2a.23788,lightcoral,13,no
aug_v2a.21326,lightcoral,13,no
aug_v2a.22504,lightcoral,13,no
aug_v2a.24046,lightcoral,13,no
aug_v2a.03578,lightcoral,13,no
aug_v2a.02704,lightcoral,13,no
aug_v2a.10651,lightcoral,13,no
aug_v2a.08247,lightcoral,13,no
aug_v2a.13933,lightcoral,13,no
aug_v2a.18048,lightcoral,13,no
aug_v2a.21672,lightcoral,13,no
aug_v2a.10429,lightcoral,13,no
aug_v2a.22383,lightcoral,13,no
aug_v2a.09405,lightcoral,13,no
aug_v2a.02324,lightcoral,13,no
aug_v2a.08400,lightcoral,13,no
aug_v2a.00366,lightcoral,13,no
aug_v2a.14312,lightcoral,13,no
aug_v2a.11569,lightcoral,13,no
aug_v2a.16755,lightcoral,13,no
aug_v2a.17056,lightcoral,13,no
aug_v2a.04053,lightcoral,13,no
aug_v2a.15263,lightcoral,13,no
aug_v2a.19127,lightcoral,13,no
aug_v2a.08828,lightcoral,13,no
aug_v2a.13382,lightcoral,13,no
aug_v2a.09119,lightcoral,13,no
aug_v2a.13378,lightcoral,13,no
aug_v2a.15312,lightcoral,13,no
aug_v2a.13100,lightcoral,13,no
aug_v2a.18250,lightcoral,13,no
aug_v2a.01171,lightcoral,13,no
aug_v2a.01995,lightcoral,13,no
aug_v2a.00286,lightcoral,13,no
aug_v2a.10213,lightcoral,13,no
aug_v2a.24704,lightcoral,13,no
aug_v2a.21390,lightcoral,13,no
aug_v2a.14132,lightcoral,13,no
aug_v2a.09677,lightcoral,13,no
aug_v2a.03574,lightcoral,13,no
aug_v2a.05814,lightcoral,13,no
aug_v2a.16093,lightcoral,13,no
aug_v2a.16170,lightcoral,13,no
aug_v2a.09210,lightcoral,13,no
aug_v2a.23605,lightcoral,13,no
aug_v2a.20021,lightcoral,13,no
aug_v2a.04636,lightcoral,13,no
aug_v2a.11347,lightcoral,13,no
aug_v2a.02910,lightcoral,13,no
aug_v2a.06487,lightcoral,13,no
aug_v2a.23369,lightcoral,13,no
aug_v2a.09608,lightcoral,13,no
aug_v2a.10040,lightcoral,13,no
aug_v2a.19460,lightcoral,13,no
aug_v2a.17290,lightcoral,13,no
aug_v2a.22887,lightcoral,13,no
aug_v2a.03037,lightcoral,13,no
aug_v2a.23380,lightcoral,13,no
aug_v2a.04359,lightcoral,13,no
aug_v2a.12532,lightcoral,13,no
aug_v2a.13811,lightcoral,13,no
aug_v2a.16549,lightcoral,13,no
aug_v2a.20227,lightcoral,13,no
aug_v2a.03266,lightcoral,13,no
aug_v2a.09209,lightcoral,13,no
aug_v2a.17883,lightcoral,13,no
aug_v2a.09602,lightcoral,13,no
aug_v2a.22380,lightcoral,13,no
aug_v2a.16558,lightcoral,13,no
aug_v2a.16228,lightcoral,13,no
aug_v2a.01723,lightcoral,13,no
aug_v2a.14851,lightcoral,13,no
aug_v2a.02362,lightcoral,13,no
aug_v2a.06618,lightcoral,13,no
aug_v2a.22197,lightcoral,13,no
aug_v2a.24220,lightcoral,13,no
aug_v2a.01837,lightcoral,13,no
aug_v2a.16627,lightcoral,13,no
aug_v2a.03648,lightcoral,13,no
aug_v2a.17458,lightcoral,13,no
aug_v2a.23232,lightcoral,13,no
aug_v2a.08934,lightcoral,13,no
aug_v2a.02360,lightcoral,13,no
aug_v2a.23865,lightcoral,13,no
aug_v2a.23303,lightcoral,13,no
aug_v2a.19845,lightcoral,13,no
aug_v2a.13001,lightcoral,13,no
aug_v2a.16786,lightcoral,13,no
aug_v2a.22372,lightcoral,13,no
aug_v2a.03038,lightcoral,13,no
aug_v2a.13854,lightcoral,13,no
aug_v2a.09072,lightcoral,13,no
aug_v2a.06496,lightcoral,13,no
aug_v2a.18283,lightcoral,13,no
aug_v2a.08316,lightcoral,13,no
aug_v2a.17441,lightcoral,13,no
aug_v2a.16171,lightcoral,13,no
aug_v2a.20670,lightcoral,13,no
aug_v2a.18014,lightcoral,13,no
aug_v2a.17145,lightcoral,13,no
aug_v2a.20640,lightcoral,13,no
aug_v2a.16524,lightcoral,13,no
aug_v2a.08746,lightcoral,13,no
aug_v2a.22862,lightcoral,13,no
aug_v2a.11252,lightcoral,13,no
aug_v2a.24200,lightcoral,13,no
aug_v2a.22845,lightcoral,13,no
aug_v2a.04337,lightcoral,13,no
aug_v2a.19855,lightcoral,13,no
aug_v2a.16150,lightcoral,13,no
aug_v2a.20116,lightcoral,13,no
aug_v2a.20915,lightcoral,13,no
aug_v2a.15358,lightcoral,13,no
aug_v2a.02627,lightcoral,13,no
aug_v2a.10179,lightcoral,13,no
aug_v2a.19730,lightcoral,13,no
aug_v2a.00925,lightcoral,13,no
aug_v2a.19361,lightcoral,13,no
aug_v2a.00388,lightcoral,13,no
aug_v2a.23722,lightcoral,13,no
aug_v2a.21048,lightcoral,13,no
aug_v2a.11523,lightcoral,13,no
aug_v2a.09202,lightcoral,13,no
aug_v2a.16871,lightcoral,13,no
aug_v2a.16947,lightcoral,13,no
aug_v2a.07400,lightcoral,13,no
aug_v2a.23088,lightcoral,13,no
aug_v2a.13103,lightcoral,13,no
aug_v2a.09783,lightcoral,13,no
aug_v2a.01669,lightcoral,13,no
aug_v2a.21156,lightcoral,13,no
aug_v2a.00865,lightcoral,13,no
aug_v2a.13342,lightcoral,13,no
aug_v2a.21886,lightcoral,13,no
aug_v2a.18325,lightcoral,13,no
aug_v2a.10407,lightcoral,13,no
aug_v2a.09118,lightcoral,13,no
aug_v2a.21694,lightcoral,13,no
aug_v2a.11782,lightcoral,13,no
aug_v2a.11893,lightcoral,13,no
aug_v2a.18706,lightcoral,13,no
aug_v2a.17171,lightcoral,13,no
aug_v2a.15490,lightcoral,13,no
aug_v2a.21755,lightcoral,13,no
aug_v2a.20344,lightcoral,13,no
aug_v2a.21691,lightcoral,13,no
aug_v2a.17142,lightcoral,13,no
aug_v2a.14925,lightcoral,13,no
aug_v2a.04381,lightcoral,13,no
aug_v2a.19007,lightcoral,13,no
aug_v2a.20861,lightcoral,13,no
aug_v2a.19267,lightcoral,13,no
aug_v2a.23560,lightcoral,13,no
aug_v2a.17429,lightcoral,13,no
aug_v2a.05948,lightcoral,13,no
aug_v2a.13577,lightcoral,13,no
aug_v2a.13102,lightcoral,13,no
aug_v2a.08842,lightcoral,13,no
aug_v2a.01724,lightcoral,13,no
aug_v2a.15223,lightcoral,13,no
aug_v2a.20530,lightcoral,13,no
aug_v2a.17167,lightcoral,13,no
aug_v2a.06835,lightcoral,13,no
aug_v2a.07907,lightcoral,13,no
aug_v2a.17268,lightcoral,13,no
aug_v2a.05122,lightcoral,13,no
aug_v2a.18623,lightcoral,13,no
aug_v2a.12393,lightcoral,13,no
aug_v2a.19330,lightcoral,13,no
aug_v2a.18289,lightcoral,13,no
aug_v2a.21299,lightcoral,13,no
aug_v2a.06452,lightcoral,13,no
aug_v2a.20511,lightcoral,13,no
aug_v2a.01514,lightcoral,13,no
aug_v2a.23251,lightcoral,13,no
aug_v2a.20061,lightcoral,13,no
aug_v2a.19543,lightcoral,13,no
aug_v2a.20645,lightcoral,13,no
aug_v2a.19886,lightcoral,13,no
aug_v2a.13389,lightcoral,13,no
aug_v2a.20902,lightcoral,13,no
aug_v2a.06718,lightcoral,13,no
aug_v2a.16571,lightcoral,13,no
aug_v2a.19983,lightcoral,13,no
aug_v2a.16258,lightcoral,13,no
aug_v2a.18298,lightcoral,13,no
aug_v2a.15124,lightcoral,13,no
aug_v2a.18231,lightcoral,13,no
aug_v2a.08187,lightcoral,13,no
aug_v2a.16169,lightcoral,13,no
aug_v2a.22060,lightcoral,13,no
aug_v2a.06324,lightcoral,13,no
aug_v2a.09155,lightcoral,13,no
aug_v2a.20412,lightcoral,13,no
aug_v2a.07326,lightcoral,13,no
aug_v2a.20567,lightcoral,13,no
aug_v2a.10332,lightcoral,13,no
aug_v2a.14615,lightcoral,13,no
aug_v2a.08899,lightcoral,13,no
aug_v2a.13221,lightcoral,13,no
aug_v2a.15483,lightcoral,13,no
aug_v2a.15257,lightcoral,13,no
aug_v2a.20451,lightcoral,13,no
aug_v2a.01086,lightcoral,13,no
aug_v2a.07765,lightcoral,13,no
aug_v2a.01737,lightcoral,13,no
aug_v2a.08749,lightcoral,13,no
aug_v2a.23889,lightcoral,13,no
aug_v2a.10738,lightcoral,13,no
aug_v2a.04767,lightcoral,13,no
aug_v2a.01962,lightcoral,13,no
aug_v2a.07012,lightcoral,13,no
aug_v2a.16466,lightcoral,13,no
aug_v2a.24727,lightcoral,13,no
aug_v2a.17699,lightcoral,13,no
aug_v2a.00282,lightcoral,13,no
aug_v2a.08238,lightcoral,13,no
aug_v2a.04438,lightcoral,13,no
aug_v2a.23980,lightcoral,13,no
aug_v2a.23632,lightcoral,13,no
aug_v2a.22523,lightcoral,13,no
aug_v2a.24017,lightcoral,13,no
aug_v2a.23389,lightcoral,13,no
aug_v2a.04815,lightcoral,13,no
aug_v2a.19000,lightcoral,13,no
aug_v2a.01195,lightcoral,13,no
aug_v2a.17259,lightcoral,13,no
aug_v2a.24260,lightcoral,13,no
aug_v2a.11305,lightcoral,13,no
aug_v2a.13111,lightcoral,13,no
aug_v2a.11306,lightcoral,13,no
aug_v2a.16369,lightcoral,13,no
aug_v2a.01169,lightcoral,13,no
aug_v2a.18951,lightcoral,13,no
aug_v2a.15378,lightcoral,13,no
aug_v2a.01604,lightcoral,13,no
aug_v2a.20832,lightcoral,13,no
aug_v2a.21954,lightcoral,13,no
aug_v2a.00398,lightcoral,13,no
aug_v2a.23791,lightcoral,13,no
aug_v2a.09044,lightcoral,13,no
aug_v2a.10463,lightcoral,13,no
aug_v2a.20006,lightcoral,13,no
aug_v2a.03560,lightcoral,13,no
aug_v2a.22397,lightcoral,13,no
aug_v2a.23350,lightcoral,13,no
aug_v2a.20414,lightcoral,13,no
aug_v2a.02274,lightcoral,13,no
aug_v2a.20587,lightcoral,13,no
aug_v2a.19579,lightcoral,13,no
aug_v2a.17920,lightcoral,13,no
aug_v2a.23997,lightcoral,13,no
aug_v2a.15843,lightcoral,13,no
aug_v2a.00230,lightcoral,13,no
aug_v2a.17718,lightcoral,13,no
aug_v2a.08103,lightcoral,13,no
aug_v2a.16844,lightcoral,13,no
aug_v2a.22502,lightcoral,13,no
aug_v2a.02481,lightcoral,13,no
aug_v2a.00968,lightcoral,13,no
aug_v2a.11834,lightcoral,13,no
aug_v2a.08810,lightcoral,13,no
aug_v2a.04568,lightcoral,13,no
aug_v2a.06650,lightcoral,13,no
aug_v2a.15566,lightcoral,13,no
aug_v2a.11030,lightcoral,13,no
aug_v2a.17651,lightcoral,13,no
aug_v2a.19875,lightcoral,13,no
aug_v2a.11717,lightcoral,13,no
aug_v2a.11486,lightcoral,13,no
aug_v2a.13158,lightcoral,13,no
aug_v2a.06247,lightcoral,13,no
aug_v2a.01762,lightcoral,13,no
aug_v2a.03060,lightcoral,13,no
aug_v2a.12557,lightcoral,13,no
aug_v2a.03622,lightcoral,13,no
aug_v2a.11215,lightcoral,13,no
aug_v2a.23627,lightcoral,13,no
aug_v2a.11139,lightcoral,13,no
aug_v2a.13090,lightcoral,13,no
aug_v2a.21810,lightcoral,13,no
aug_v2a.14437,lightcoral,13,no
aug_v2a.21293,lightcoral,13,no
aug_v2a.20283,lightcoral,13,no
aug_v2a.17406,lightcoral,13,no
aug_v2a.16141,lightcoral,13,no
aug_v2a.10232,lightcoral,13,no
aug_v2a.00074,lightcoral,13,no
aug_v2a.04067,lightcoral,13,no
aug_v2a.14557,lightcoral,13,no
aug_v2a.17810,lightcoral,13,no
aug_v2a.01903,lightcoral,13,no
aug_v2a.03534,lightcoral,13,no
aug_v2a.24214,lightcoral,13,no
aug_v2a.00439,lightcoral,13,no
aug_v2a.17198,lightcoral,13,no
aug_v2a.00119,lightcoral,13,no
aug_v2a.10188,lightcoral,13,no
aug_v2a.15423,lightcoral,13,no
aug_v2a.21201,lightcoral,13,no
aug_v2a.23700,lightcoral,13,no
aug_v2a.05907,lightcoral,13,no
aug_v2a.16479,lightcoral,13,no
aug_v2a.20981,lightcoral,13,no
aug_v2a.08376,lightcoral,13,no
aug_v2a.09890,lightcoral,13,no
aug_v2a.13728,lightcoral,13,no
aug_v2a.19293,lightcoral,13,no
aug_v2a.10609,lightcoral,13,no
aug_v2a.24356,lightcoral,13,no
aug_v2a.17515,lightcoral,13,no
aug_v2a.24425,lightcoral,13,no
aug_v2a.22928,lightcoral,13,no
aug_v2a.09469,lightcoral,13,no
aug_v2a.00454,lightcoral,13,no
aug_v2a.23830,lightcoral,13,no
aug_v2a.18743,lightcoral,13,no
aug_v2a.16443,lightcoral,13,no
aug_v2a.20341,lightcoral,13,no
aug_v2a.23897,lightcoral,13,no
aug_v2a.17399,lightcoral,13,no
aug_v2a.14596,lightcoral,13,no
aug_v2a.23595,lightcoral,13,no
aug_v2a.24575,lightcoral,13,no
aug_v2a.09017,lightcoral,13,no
aug_v2a.23288,lightcoral,13,no
aug_v2a.13688,lightcoral,13,no
aug_v2a.19351,lightcoral,13,no
aug_v2a.17256,lightcoral,13,no
aug_v2a.07290,lightcoral,13,no
aug_v2a.00563,lightcoral,13,no
aug_v2a.04194,lightcoral,13,no
aug_v2a.02954,lightcoral,13,no
aug_v2a.08619,lightcoral,13,no
aug_v2a.15459,lightcoral,13,no
aug_v2a.19388,lightcoral,13,no
aug_v2a.07395,lightcoral,13,no
aug_v2a.08463,lightcoral,13,no
aug_v2a.24145,lightcoral,13,no
aug_v2a.24136,lightcoral,13,no
aug_v2a.14770,lightcoral,13,no
aug_v2a.11197,lightcoral,13,no
aug_v2a.00227,lightcoral,13,no
aug_v2a.18887,lightcoral,13,no
aug_v2a.23472,lightcoral,13,no
aug_v2a.15218,lightcoral,13,no
aug_v2a.08249,lightcoral,13,no
aug_v2a.23764,lightcoral,13,no
aug_v2a.05664,lightcoral,13,no
aug_v2a.01033,lightcoral,13,no
aug_v2a.17891,lightcoral,13,no
aug_v2a.17143,lightcoral,13,no
aug_v2a.04397,lightcoral,13,no
aug_v2a.11300,lightcoral,13,no
aug_v2a.24493,lightcoral,13,no
aug_v2a.06297,lightcoral,13,no
aug_v2a.15839,lightcoral,13,no
aug_v2a.23634,lightcoral,13,no
aug_v2a.03370,lightcoral,13,no
aug_v2a.24259,lightcoral,13,no
aug_v2a.17770,lightcoral,13,no
aug_v2a.18620,lightcoral,13,no
aug_v2a.09053,lightcoral,13,no
aug_v2a.21406,lightcoral,13,no
aug_v2a.05000,lightcoral,13,no
aug_v2a.11811,lightcoral,13,no
aug_v2a.13733,lightcoral,13,no
aug_v2a.23114,lightcoral,13,no
aug_v2a.20784,lightcoral,13,no
aug_v2a.15177,lightcoral,13,no
aug_v2a.15856,lightcoral,13,no
aug_v2a.11494,lightcoral,13,no
aug_v2a.21941,lightcoral,13,no
aug_v2a.03863,lightcoral,13,no
aug_v2a.07268,lightcoral,13,no
aug_v2a.20310,lightcoral,13,no
aug_v2a.22053,lightcoral,13,no
aug_v2a.20930,lightcoral,13,no
aug_v2a.08367,lightcoral,13,no
aug_v2a.23352,lightcoral,13,no
aug_v2a.16079,lightcoral,13,no
aug_v2a.24267,lightcoral,13,no
aug_v2a.12098,lightcoral,13,no
aug_v2a.24688,lightcoral,13,no
aug_v2a.20580,lightcoral,13,no
aug_v2a.08293,lightcoral,13,no
aug_v2a.06326,lightcoral,13,no
aug_v2a.01512,lightcoral,13,no
aug_v2a.23964,lightcoral,13,no
aug_v2a.20291,lightcoral,13,no
aug_v2a.00228,lightcoral,13,no
aug_v2a.20102,lightcoral,13,no
aug_v2a.13508,lightcoral,13,no
aug_v2a.13507,lightcoral,13,no
aug_v2a.02626,lightcoral,13,no
aug_v2a.17465,lightcoral,13,no
aug_v2a.11609,lightcoral,13,no
aug_v2a.06446,lightcoral,13,no
aug_v2a.06503,lightcoral,13,no
aug_v2a.14611,lightcoral,13,no
aug_v2a.00251,lightcoral,13,no
aug_v2a.03721,lightcoral,13,no
aug_v2a.01978,lightcoral,13,no
aug_v2a.09249,lightcoral,13,no
aug_v2a.13019,lightcoral,13,no
aug_v2a.15972,lightcoral,13,no
aug_v2a.24120,lightcoral,13,no
aug_v2a.20265,lightcoral,13,no
aug_v2a.01739,lightcoral,13,no
aug_v2a.21711,lightcoral,13,no
aug_v2a.07985,lightcoral,13,no
aug_v2a.20593,lightcoral,13,no
aug_v2a.05692,lightcoral,13,no
aug_v2a.08149,lightcoral,13,no
aug_v2a.01362,lightcoral,13,no
aug_v2a.23254,lightcoral,13,no
aug_v2a.19977,lightcoral,13,no
aug_v2a.15389,lightcoral,13,no
aug_v2a.18465,lightcoral,13,no
aug_v2a.19672,lightcoral,13,no
aug_v2a.17530,lightcoral,13,no
aug_v2a.00271,lightcoral,13,no
aug_v2a.21878,lightcoral,13,no
aug_v2a.00837,lightcoral,13,no
aug_v2a.13185,lightcoral,13,no
aug_v2a.13754,lightcoral,13,no
aug_v2a.19255,lightcoral,13,no
aug_v2a.03177,lightcoral,13,no
aug_v2a.09275,lightcoral,13,no
aug_v2a.24140,lightcoral,13,no
aug_v2a.13620,lightcoral,13,no
aug_v2a.08445,lightcoral,13,no
aug_v2a.15031,lightcoral,13,no
aug_v2a.14133,lightcoral,13,no
aug_v2a.23205,lightcoral,13,no
aug_v2a.24576,lightcoral,13,no
aug_v2a.20728,lightcoral,13,no
aug_v2a.09353,lightcoral,13,no
aug_v2a.13703,lightcoral,13,no
aug_v2a.13902,lightcoral,13,no
aug_v2a.19749,lightcoral,13,no
aug_v2a.02489,lightcoral,13,no
aug_v2a.10671,lightcoral,13,no
aug_v2a.07984,lightcoral,13,no
aug_v2a.22041,lightcoral,13,no
aug_v2a.19653,lightcoral,13,no
aug_v2a.13594,lightcoral,13,no
aug_v2a.04335,lightcoral,13,no
aug_v2a.23210,lightcoral,13,no
aug_v2a.17127,lightcoral,13,no
aug_v2a.00472,lightcoral,13,no
aug_v2a.22751,lightcoral,13,no
aug_v2a.03457,lightcoral,13,no
aug_v2a.15864,lightcoral,13,no
aug_v2a.07492,lightcoral,13,no
aug_v2a.23308,lightcoral,13,no
aug_v2a.05517,lightcoral,13,no
aug_v2a.00231,lightcoral,13,no
aug_v2a.00232,lightcoral,13,no
aug_v2a.20039,lightcoral,13,no
aug_v2a.17305,lightcoral,13,no
aug_v2a.17495,lightcoral,13,no
aug_v2a.04567,lightcoral,13,no
aug_v2a.14327,lightcoral,13,no
aug_v2a.15880,lightcoral,13,no
aug_v2a.05807,lightcoral,13,no
aug_v2a.13213,lightcoral,13,no
aug_v2a.13214,lightcoral,13,no
aug_v2a.00528,lightcoral,13,no
aug_v2a.18238,lightcoral,13,no
aug_v2a.19940,lightcoral,13,no
aug_v2a.17710,lightcoral,13,no
aug_v2a.20208,lightcoral,13,no
aug_v2a.12542,lightcoral,13,no
aug_v2a.19328,lightcoral,13,no
aug_v2a.17024,lightcoral,13,no
aug_v2a.00021,lightcoral,13,no
aug_v2a.22244,lightcoral,13,no
aug_v2a.22844,lightcoral,13,no
aug_v2a.03644,lightcoral,13,no
aug_v2a.16252,lightcoral,13,no
aug_v2a.23373,lightcoral,13,no
aug_v2a.21387,lightcoral,13,no
aug_v2a.19004,lightcoral,13,no
aug_v2a.04362,lightcoral,13,no
aug_v2a.21880,lightcoral,13,no
aug_v2a.21840,lightcoral,13,no
aug_v2a.21088,lightcoral,13,no
aug_v2a.23231,lightcoral,13,no
aug_v2a.05049,lightcoral,13,no
aug_v2a.18137,lightcoral,13,no
aug_v2a.22739,lightcoral,13,no
aug_v2a.06957,lightcoral,13,no
aug_v2a.17557,lightcoral,13,no
aug_v2a.23488,lightcoral,13,no
aug_v2a.10163,lightcoral,13,no
aug_v2a.15683,lightcoral,13,no
aug_v2a.20872,lightcoral,13,no
aug_v2a.04884,lightcoral,13,no
aug_v2a.06255,lightcoral,13,no
aug_v2a.00351,lightcoral,13,no
aug_v2a.19669,lightcoral,13,no
aug_v2a.16182,lightcoral,13,no
aug_v2a.05011,lightcoral,13,no
aug_v2a.24241,lightcoral,13,no
aug_v2a.06965,lightcoral,13,no
aug_v2a.11335,lightcoral,13,no
aug_v2a.02496,lightcoral,13,no
aug_v2a.23900,lightcoral,13,no
aug_v2a.15231,lightcoral,13,no
aug_v2a.22793,lightcoral,13,no
aug_v2a.09870,lightcoral,13,no
aug_v2a.02034,lightcoral,13,no
aug_v2a.19045,lightcoral,13,no
aug_v2a.13951,lightcoral,13,no
aug_v2a.23392,lightcoral,13,no
aug_v2a.16991,lightcoral,13,no
aug_v2a.17484,lightcoral,13,no
aug_v2a.22163,lightcoral,13,no
aug_v2a.03356,lightcoral,13,no
aug_v2a.03662,lightcoral,13,no
aug_v2a.10824,lightcoral,13,no
aug_v2a.11495,lightcoral,13,no
aug_v2a.12423,lightcoral,13,no
aug_v2a.14310,lightcoral,13,no
aug_v2a.17136,lightcoral,13,no
aug_v2a.18061,lightcoral,13,no
aug_v2a.20206,lightcoral,13,no
aug_v2a.20395,lightcoral,13,no
aug_v2a.23256,lightcoral,13,no
aug_v2a.23526,lightcoral,13,no
aug_v2a.24455,lightcoral,13,no
aug_v2a.14434,lightcoral,13,no
aug_v2a.02117,lightcoral,13,no
aug_v2a.17417,lightcoral,13,no
aug_v2a.22597,lightcoral,13,no
aug_v2a.24393,lightcoral,13,no
aug_v2a.07658,lightcoral,13,no
aug_v2a.17190,lightcoral,13,no
aug_v2a.19509,lightcoral,13,no
aug_v2a.21467,lightcoral,13,no
aug_v2a.18199,lightcoral,13,no
aug_v2a.23705,lightcoral,13,no
aug_v2a.15087,lightcoral,13,no
aug_v2a.18204,lightcoral,13,no
aug_v2a.19475,lightcoral,13,no
aug_v2a.10666,lightcoral,13,no
aug_v2a.07703,lightcoral,13,no
aug_v2a.09860,lightcoral,13,no
aug_v2a.10884,lightcoral,13,no
aug_v2a.06041,lightcoral,13,no
aug_v2a.18811,lightcoral,13,no
aug_v2a.18045,lightcoral,13,no
aug_v2a.22925,lightcoral,13,no
aug_v2a.08003,lightcoral,13,no
aug_v2a.01658,lightcoral,13,no
aug_v2a.07383,lightcoral,13,no
aug_v2a.23207,lightcoral,13,no
aug_v2a.17070,lightcoral,13,no
aug_v2a.07361,lightcoral,13,no
aug_v2a.01202,lightcoral,13,no
aug_v2a.22172,lightcoral,13,no
aug_v2a.23229,lightcoral,13,no
aug_v2a.04672,lightcoral,13,no
aug_v2a.22720,lightcoral,13,no
aug_v2a.12195,lightcoral,13,no
aug_v2a.22013,lightcoral,13,no
aug_v2a.15547,lightcoral,13,no
aug_v2a.11858,lightcoral,13,no
aug_v2a.19632,lightcoral,13,no
aug_v2a.15514,lightcoral,13,no
aug_v2a.23291,lightcoral,13,no
aug_v2a.19515,lightcoral,13,no
aug_v2a.14957,lightcoral,13,no
aug_v2a.17914,lightcoral,13,no
aug_v2a.22587,lightcoral,13,no
aug_v2a.01190,maroon,14,yes
aug_v2a.01613,maroon,14,yes
aug_v2a.11446,maroon,14,yes
aug_v2a.24222,maroon,14,yes
aug_v2a.11982,maroon,14,yes
aug_v2a.10501,maroon,14,yes
aug_v2a.00788,maroon,14,yes
aug_v2a.05262,maroon,14,yes
aug_v2a.11635,maroon,14,yes
aug_v2a.03006,maroon,14,yes
aug_v2a.24663,maroon,14,yes
aug_v2a.07570,maroon,14,yes
aug_v2a.17117,maroon,14,yes
aug_v2a.21249,maroon,14,yes
aug_v2a.15456,maroon,14,yes
aug_v2a.24208,maroon,14,yes
aug_v2a.11011,maroon,14,yes
aug_v2a.22775,maroon,14,yes
aug_v2a.06302,maroon,14,yes
aug_v2a.16207,maroon,14,yes
aug_v2a.09190,maroon,14,yes
aug_v2a.13193,maroon,14,yes
aug_v2a.19529,maroon,14,yes
aug_v2a.00751,maroon,14,yes
aug_v2a.04298,maroon,14,yes
aug_v2a.14167,maroon,14,yes
aug_v2a.00616,maroon,14,yes
aug_v2a.06560,maroon,14,yes
aug_v2a.24562,maroon,14,yes
aug_v2a.00781,maroon,14,yes
aug_v2a.03793,maroon,14,yes
aug_v2a.08938,maroon,14,yes
aug_v2a.00812,maroon,14,yes
aug_v2a.22230,maroon,14,yes
aug_v2a.02605,maroon,14,yes
aug_v2a.08575,maroon,14,yes
aug_v2a.21328,maroon,14,yes
aug_v2a.04317,maroon,14,yes
aug_v2a.15232,maroon,14,yes
aug_v2a.22261,maroon,14,yes
aug_v2a.13127,maroon,14,yes
aug_v2a.19157,maroon,14,yes
aug_v2a.08698,maroon,14,yes
aug_v2a.01178,maroon,14,yes
aug_v2a.24546,maroon,14,yes
aug_v2a.13598,maroon,14,yes
aug_v2a.14121,maroon,14,yes
aug_v2a.18720,maroon,14,yes
aug_v2a.16565,maroon,14,yes
aug_v2a.01651,maroon,14,yes
aug_v2a.05774,maroon,14,yes
aug_v2a.08860,maroon,14,yes
aug_v2a.06998,maroon,14,yes
aug_v2a.15893,maroon,14,yes
aug_v2a.10807,maroon,14,yes
aug_v2a.01430,maroon,14,yes
aug_v2a.09233,maroon,14,yes
aug_v2a.19153,maroon,14,yes
aug_v2a.21234,maroon,14,yes
aug_v2a.23855,maroon,14,yes
aug_v2a.14808,maroon,14,yes
aug_v2a.24303,maroon,14,yes
aug_v2a.05830,maroon,14,yes
aug_v2a.08423,maroon,14,yes
aug_v2a.13246,maroon,14,yes
aug_v2a.16057,maroon,14,yes
aug_v2a.17338,maroon,14,yes
aug_v2a.20600,maroon,14,yes
aug_v2a.13979,maroon,14,yes
aug_v2a.01650,maroon,14,yes
aug_v2a.14799,maroon,14,yes
aug_v2a.13700,maroon,14,yes
aug_v2a.00148,maroon,14,yes
aug_v2a.08422,maroon,14,yes
aug_v2a.15468,maroon,14,yes
aug_v2a.04333,maroon,14,yes
aug_v2a.00543,maroon,14,no
aug_v2a.14008,maroon,14,no
aug_v2a.18009,maroon,14,no
aug_v2a.10111,maroon,14,no
aug_v2a.08633,maroon,14,no
aug_v2a.20185,maroon,14,no
aug_v2a.21889,maroon,14,no
aug_v2a.14626,maroon,14,no
aug_v2a.15821,maroon,14,no
aug_v2a.12931,maroon,14,no
aug_v2a.17150,maroon,14,no
aug_v2a.02118,maroon,14,no
aug_v2a.21749,maroon,14,no
aug_v2a.05775,maroon,14,no
aug_v2a.15162,maroon,14,no
aug_v2a.04331,maroon,14,no
aug_v2a.07936,maroon,14,no
aug_v2a.02773,maroon,14,no
aug_v2a.01159,maroon,14,no
aug_v2a.14184,maroon,14,no
aug_v2a.21673,maroon,14,no
aug_v2a.04054,maroon,14,no
aug_v2a.20719,maroon,14,no
aug_v2a.03794,maroon,14,no
aug_v2a.16593,maroon,14,no
aug_v2a.14606,maroon,14,no
aug_v2a.13260,maroon,14,no
aug_v2a.20829,maroon,14,no
aug_v2a.13386,maroon,14,no
aug_v2a.04665,maroon,14,no
aug_v2a.12650,maroon,14,no
aug_v2a.03065,maroon,14,no
aug_v2a.18773,maroon,14,no
aug_v2a.04526,maroon,14,no
aug_v2a.09170,maroon,14,no
aug_v2a.21676,maroon,14,no
aug_v2a.14170,maroon,14,no
aug_v2a.22048,maroon,14,no
aug_v2a.04439,maroon,14,no
aug_v2a.16644,maroon,14,no
aug_v2a.22292,maroon,14,no
aug_v2a.08431,maroon,14,no
aug_v2a.05637,maroon,14,no
aug_v2a.01896,maroon,14,no
aug_v2a.20354,maroon,14,no
aug_v2a.00520,maroon,14,no
aug_v2a.14178,maroon,14,no
aug_v2a.12878,maroon,14,no
aug_v2a.02195,maroon,14,no
aug_v2a.16576,maroon,14,no
aug_v2a.24734,maroon,14,no
aug_v2a.16294,maroon,14,no
aug_v2a.22341,maroon,14,no
aug_v2a.05598,maroon,14,no
aug_v2a.02444,maroon,14,no
aug_v2a.14822,maroon,14,no
aug_v2a.01930,orange,12,yes
aug_v2a.21872,orange,12,yes
aug_v2a.15596,orange,12,yes
aug_v2a.18467,orange,12,yes
aug_v2a.19571,orange,12,yes
aug_v2a.18745,orange,12,yes
aug_v2a.24737,orange,12,yes
aug_v2a.23675,orange,12,yes
aug_v2a.17832,orange,12,yes
aug_v2a.09561,orange,12,yes
aug_v2a.02054,orange,12,yes
aug_v2a.04950,orange,12,yes
aug_v2a.17308,orange,12,yes
aug_v2a.21716,orange,12,yes
aug_v2a.10152,orange,12,yes
aug_v2a.01477,orange,12,yes
aug_v2a.14807,orange,12,yes
aug_v2a.13874,orange,12,yes
aug_v2a.12334,orange,12,yes
aug_v2a.23522,orange,12,yes
aug_v2a.03392,orange,12,yes
aug_v2a.17660,orange,12,yes
aug_v2a.21286,orange,12,yes
aug_v2a.09412,orange,12,yes
aug_v2a.03967,orange,12,yes
aug_v2a.01951,orange,12,yes
aug_v2a.21668,orange,12,yes
aug_v2a.17659,orange,12,yes
aug_v2a.10057,orange,12,yes
aug_v2a.04719,orange,12,yes
aug_v2a.02782,orange,12,yes
aug_v2a.05441,orange,12,yes
aug_v2a.18450,orange,12,yes
aug_v2a.14076,orange,12,yes
aug_v2a.02452,orange,12,yes
aug_v2a.00505,orange,12,yes
aug_v2a.17204,orange,12,yes
aug_v2a.23616,orange,12,yes
aug_v2a.07690,orange,12,yes
aug_v2a.21501,orange,12,yes
aug_v2a.24595,orange,12,yes
aug_v2a.03319,orange,12,yes
aug_v2a.20408,orange,12,yes
aug_v2a.03978,orange,12,yes
aug_v2a.01002,orange,12,yes
aug_v2a.01882,orange,12,yes
aug_v2a.19601,orange,12,yes
aug_v2a.03745,orange,12,yes
aug_v2a.07583,orange,12,yes
aug_v2a.23435,orange,12,yes
aug_v2a.13070,orange,12,yes
aug_v2a.13210,orange,12,yes
aug_v2a.05503,orange,12,yes
aug_v2a.23317,orange,12,yes
aug_v2a.23829,orange,12,yes
aug_v2a.02172,orange,12,yes
aug_v2a.01391,orange,12,yes
aug_v2a.13024,orange,12,yes
aug_v2a.08637,orange,12,yes
aug_v2a.00824,orange,12,yes
aug_v2a.08636,orange,12,yes
aug_v2a.09778,orange,12,yes
aug_v2a.01392,orange,12,yes
aug_v2a.07724,orange,12,yes
aug_v2a.02512,orange,12,yes
aug_v2a.08638,orange,12,yes
aug_v2a.20624,orange,12,yes
aug_v2a.07000,orange,12,yes
aug_v2a.03191,orange,12,yes
aug_v2a.18982,orange,12,yes
aug_v2a.04296,orange,12,yes
aug_v2a.01645,orange,12,yes
aug_v2a.13978,orange,12,yes
aug_v2a.16588,orange,12,yes
aug_v2a.14532,orange,12,yes
aug_v2a.21709,orange,12,yes
aug_v2a.18455,orange,12,yes
aug_v2a.01390,orange,12,yes
aug_v2a.08259,orange,12,yes
aug_v2a.14805,orange,12,yes
aug_v2a.12819,orange,12,yes
aug_v2a.11817,orange,12,yes
aug_v2a.16646,orange,12,yes
aug_v2a.01394,orange,12,yes
aug_v2a.03979,orange,12,yes
aug_v2a.19511,orange,12,yes
aug_v2a.05342,orange,12,yes
aug_v2a.06844,orange,12,yes
aug_v2a.23852,orange,12,no
aug_v2a.19877,orange,12,no
aug_v2a.16747,orange,12,no
aug_v2a.23666,orange,12,no
aug_v2a.16099,orange,12,no
aug_v2a.21708,orange,12,no
aug_v2a.00656,orange,12,no
aug_v2a.04233,orange,12,no
aug_v2a.20036,orange,12,no
aug_v2a.06886,orange,12,no
aug_v2a.21690,orange,12,no
aug_v2a.21859,orange,12,no
aug_v2a.10867,orange,12,no
aug_v2a.20002,orange,12,no
aug_v2a.24014,orange,12,no
aug_v2a.08952,orange,12,no
aug_v2a.12447,orange,12,no
aug_v2a.15291,orange,12,no
aug_v2a.15431,orange,12,no
aug_v2a.08999,orange,12,no
aug_v2a.01004,orange,12,no
aug_v2a.13457,orange,12,no
aug_v2a.02958,orange,12,no
aug_v2a.01905,orange,12,no
aug_v2a.09251,orange,12,no
aug_v2a.12960,orange,12,no
aug_v2a.03620,orange,12,no
aug_v2a.21435,orange,12,no
aug_v2a.03995,orange,12,no
aug_v2a.00730,orange,12,no
aug_v2a.08450,orange,12,no
aug_v2a.02538,orange,12,no
aug_v2a.17581,orange,12,no
aug_v2a.07584,orange,12,no
aug_v2a.08133,orange,12,no
aug_v2a.05828,orange,12,no
aug_v2a.16343,orange,12,no
aug_v2a.23896,orange,12,no
aug_v2a.12369,orange,12,no
aug_v2a.00860,orange,12,no
aug_v2a.22806,orange,12,no
aug_v2a.17561,orange,12,no
aug_v2a.22860,orange,12,no
aug_v2a.00717,orange,12,no
aug_v2a.12552,orange,12,no
aug_v2a.17677,orange,12,no
aug_v2a.22401,orange,12,no
aug_v2a.13824,orangered3,15,yes
aug_v2a.23405,orangered3,15,yes
aug_v2a.00458,orangered3,15,yes
aug_v2a.19313,orangered3,15,yes
aug_v2a.11080,orangered3,15,yes
aug_v2a.23354,orangered3,15,yes
aug_v2a.06481,orangered3,15,yes
aug_v2a.00314,orangered3,15,yes
aug_v2a.18013,orangered3,15,yes
aug_v2a.19171,orangered3,15,yes
aug_v2a.13104,orangered3,15,yes
aug_v2a.13683,orangered3,15,yes
aug_v2a.23801,orangered3,15,yes
aug_v2a.05835,orangered3,15,yes
aug_v2a.13046,orangered3,15,yes
aug_v2a.12791,orangered3,15,yes
aug_v2a.00902,orangered3,15,yes
aug_v2a.03524,orangered3,15,yes
aug_v2a.17383,orangered3,15,yes
aug_v2a.18493,orangered3,15,yes
aug_v2a.20851,orangered3,15,yes
aug_v2a.02262,orangered3,15,yes
aug_v2a.19133,orangered3,15,no
aug_v2a.15855,orangered3,15,no
aug_v2a.00389,orangered3,15,no
aug_v2a.01474,orangered3,15,no
aug_v2a.04467,orangered3,15,no
aug_v2a.18494,orangered3,15,no
aug_v2a.07743,orangered3,15,no
aug_v2a.23316,orangered3,15,no
aug_v2a.04020,orangered3,15,no
aug_v2a.01507,orangered3,15,no
aug_v2a.16011,darkmagenta,24,yes
aug_v2a.03665,darkmagenta,24,yes
aug_v2a.12889,darkmagenta,24,yes
aug_v2a.20702,darkmagenta,24,yes
aug_v2a.10730,darkmagenta,24,yes
aug_v2a.13432,darkmagenta,24,yes
aug_v2a.15594,darkmagenta,24,yes
aug_v2a.15775,darkmagenta,24,yes
aug_v2a.18431,darkmagenta,24,yes
aug_v2a.22734,darkmagenta,24,yes
aug_v2a.00466,darkmagenta,24,yes
aug_v2a.01747,darkmagenta,24,yes
aug_v2a.02505,darkmagenta,24,yes
aug_v2a.04486,darkmagenta,24,yes
aug_v2a.06761,darkmagenta,24,yes
aug_v2a.08130,darkmagenta,24,yes
aug_v2a.10095,darkmagenta,24,yes
aug_v2a.11120,darkmagenta,24,yes
aug_v2a.14222,darkmagenta,24,yes
aug_v2a.16790,darkmagenta,24,yes
aug_v2a.17011,darkmagenta,24,yes
aug_v2a.17316,darkmagenta,24,yes
aug_v2a.21583,darkmagenta,24,yes
aug_v2a.23457,darkmagenta,24,yes
aug_v2a.00736,darkmagenta,24,yes
aug_v2a.02248,darkmagenta,24,yes
aug_v2a.02480,darkmagenta,24,yes
aug_v2a.03839,darkmagenta,24,yes
aug_v2a.04743,darkmagenta,24,yes
aug_v2a.05030,darkmagenta,24,yes
aug_v2a.05402,darkmagenta,24,yes
aug_v2a.05983,darkmagenta,24,yes
aug_v2a.07182,darkmagenta,24,yes
aug_v2a.07758,darkmagenta,24,yes
aug_v2a.07819,darkmagenta,24,yes
aug_v2a.08511,darkmagenta,24,yes
aug_v2a.09030,darkmagenta,24,yes
aug_v2a.09641,darkmagenta,24,yes
aug_v2a.10037,darkmagenta,24,yes
aug_v2a.10142,darkmagenta,24,yes
aug_v2a.10329,darkmagenta,24,yes
aug_v2a.10341,darkmagenta,24,yes
aug_v2a.11444,darkmagenta,24,yes
aug_v2a.11772,darkmagenta,24,yes
aug_v2a.14382,darkmagenta,24,yes
aug_v2a.15644,darkmagenta,24,yes
aug_v2a.15981,darkmagenta,24,yes
aug_v2a.16098,darkmagenta,24,yes
aug_v2a.16338,darkmagenta,24,yes
aug_v2a.17623,darkmagenta,24,yes
aug_v2a.18232,darkmagenta,24,yes
aug_v2a.19924,darkmagenta,24,yes
aug_v2a.21596,darkmagenta,24,yes
aug_v2a.21811,darkmagenta,24,yes
aug_v2a.21864,darkmagenta,24,yes
aug_v2a.22392,darkmagenta,24,yes
aug_v2a.23353,darkmagenta,24,yes
aug_v2a.23444,darkmagenta,24,yes
aug_v2a.00318,darkmagenta,24,yes
aug_v2a.00782,darkmagenta,24,yes
aug_v2a.01060,darkmagenta,24,yes
aug_v2a.01220,darkmagenta,24,yes
aug_v2a.01261,darkmagenta,24,yes
aug_v2a.01483,darkmagenta,24,yes
aug_v2a.01758,darkmagenta,24,yes
aug_v2a.01775,darkmagenta,24,yes
aug_v2a.01901,darkmagenta,24,yes
aug_v2a.02749,darkmagenta,24,yes
aug_v2a.02817,darkmagenta,24,yes
aug_v2a.02929,darkmagenta,24,yes
aug_v2a.03165,darkmagenta,24,yes
aug_v2a.03604,darkmagenta,24,yes
aug_v2a.03708,darkmagenta,24,yes
aug_v2a.03959,darkmagenta,24,yes
aug_v2a.04517,darkmagenta,24,yes
aug_v2a.04708,darkmagenta,24,yes
aug_v2a.04791,darkmagenta,24,yes
aug_v2a.05072,darkmagenta,24,yes
aug_v2a.05076,darkmagenta,24,yes
aug_v2a.05077,darkmagenta,24,yes
aug_v2a.05167,darkmagenta,24,yes
aug_v2a.05224,darkmagenta,24,yes
aug_v2a.05326,darkmagenta,24,yes
aug_v2a.06189,darkmagenta,24,yes
aug_v2a.06894,darkmagenta,24,yes
aug_v2a.07289,darkmagenta,24,yes
aug_v2a.07656,darkmagenta,24,yes
aug_v2a.07875,darkmagenta,24,yes
aug_v2a.08194,darkmagenta,24,yes
aug_v2a.08355,darkmagenta,24,yes
aug_v2a.09073,darkmagenta,24,yes
aug_v2a.09206,darkmagenta,24,yes
aug_v2a.09261,darkmagenta,24,yes
aug_v2a.09359,darkmagenta,24,yes
aug_v2a.09367,darkmagenta,24,yes
aug_v2a.09852,darkmagenta,24,yes
aug_v2a.10225,darkmagenta,24,yes
aug_v2a.10328,darkmagenta,24,yes
aug_v2a.10934,darkmagenta,24,yes
aug_v2a.11091,darkmagenta,24,yes
aug_v2a.11561,darkmagenta,24,yes
aug_v2a.12395,darkmagenta,24,yes
aug_v2a.12607,darkmagenta,24,yes
aug_v2a.12742,darkmagenta,24,yes
aug_v2a.12821,darkmagenta,24,yes
aug_v2a.13141,darkmagenta,24,yes
aug_v2a.13269,darkmagenta,24,yes
aug_v2a.13298,darkmagenta,24,yes
aug_v2a.13431,darkmagenta,24,yes
aug_v2a.13807,darkmagenta,24,yes
aug_v2a.13924,darkmagenta,24,yes
aug_v2a.14013,darkmagenta,24,yes
aug_v2a.14305,darkmagenta,24,yes
aug_v2a.15252,darkmagenta,24,yes
aug_v2a.15716,darkmagenta,24,yes
aug_v2a.15912,darkmagenta,24,yes
aug_v2a.15955,darkmagenta,24,yes
aug_v2a.16314,darkmagenta,24,yes
aug_v2a.16853,darkmagenta,24,yes
aug_v2a.16929,darkmagenta,24,yes
aug_v2a.18439,darkmagenta,24,yes
aug_v2a.18820,darkmagenta,24,yes
aug_v2a.18877,darkmagenta,24,yes
aug_v2a.19246,darkmagenta,24,yes
aug_v2a.19554,darkmagenta,24,yes
aug_v2a.19602,darkmagenta,24,yes
aug_v2a.20919,darkmagenta,24,yes
aug_v2a.20921,darkmagenta,24,yes
aug_v2a.21739,darkmagenta,24,yes
aug_v2a.21975,darkmagenta,24,yes
aug_v2a.22581,darkmagenta,24,yes
aug_v2a.22754,darkmagenta,24,yes
aug_v2a.23028,darkmagenta,24,yes
aug_v2a.23935,darkmagenta,24,yes
aug_v2a.24064,darkmagenta,24,yes
aug_v2a.24589,darkmagenta,24,yes
aug_v2a.24742,darkmagenta,24,yes
aug_v2a.00115,darkmagenta,24,no
aug_v2a.00733,darkmagenta,24,no
aug_v2a.01121,darkmagenta,24,no
aug_v2a.01243,darkmagenta,24,no
aug_v2a.01576,darkmagenta,24,no
aug_v2a.01790,darkmagenta,24,no
aug_v2a.04514,darkmagenta,24,no
aug_v2a.05961,darkmagenta,24,no
aug_v2a.07342,darkmagenta,24,no
aug_v2a.07714,darkmagenta,24,no
aug_v2a.07715,darkmagenta,24,no
aug_v2a.07982,darkmagenta,24,no
aug_v2a.08030,darkmagenta,24,no
aug_v2a.08260,darkmagenta,24,no
aug_v2a.08446,darkmagenta,24,no
aug_v2a.08693,darkmagenta,24,no
aug_v2a.08950,darkmagenta,24,no
aug_v2a.09117,darkmagenta,24,no
aug_v2a.11115,darkmagenta,24,no
aug_v2a.11365,darkmagenta,24,no
aug_v2a.11848,darkmagenta,24,no
aug_v2a.11909,darkmagenta,24,no
aug_v2a.12157,darkmagenta,24,no
aug_v2a.14083,darkmagenta,24,no
aug_v2a.15224,darkmagenta,24,no
aug_v2a.15386,darkmagenta,24,no
aug_v2a.15643,darkmagenta,24,no
aug_v2a.16344,darkmagenta,24,no
aug_v2a.16528,darkmagenta,24,no
aug_v2a.18020,darkmagenta,24,no
aug_v2a.18026,darkmagenta,24,no
aug_v2a.18893,darkmagenta,24,no
aug_v2a.19709,darkmagenta,24,no
aug_v2a.20139,darkmagenta,24,no
aug_v2a.21566,darkmagenta,24,no
aug_v2a.21793,darkmagenta,24,no
aug_v2a.22027,darkmagenta,24,no
aug_v2a.21057,plum2,25,yes
aug_v2a.03847,plum2,25,yes
aug_v2a.00948,plum2,25,yes
aug_v2a.08546,plum2,25,yes
aug_v2a.12705,plum2,25,yes
aug_v2a.17248,plum2,25,yes
aug_v2a.18915,plum2,25,yes
aug_v2a.19690,plum2,25,yes
aug_v2a.21958,plum2,25,yes
aug_v2a.00121,plum2,25,yes
aug_v2a.01212,plum2,25,yes
aug_v2a.01620,plum2,25,yes
aug_v2a.02038,plum2,25,yes
aug_v2a.02108,plum2,25,yes
aug_v2a.03047,plum2,25,yes
aug_v2a.04654,plum2,25,yes
aug_v2a.05140,plum2,25,yes
aug_v2a.05390,plum2,25,yes
aug_v2a.05576,plum2,25,yes
aug_v2a.05752,plum2,25,yes
aug_v2a.07186,plum2,25,yes
aug_v2a.08512,plum2,25,yes
aug_v2a.10506,plum2,25,yes
aug_v2a.10608,plum2,25,yes
aug_v2a.10742,plum2,25,yes
aug_v2a.11134,plum2,25,yes
aug_v2a.11153,plum2,25,yes
aug_v2a.12915,plum2,25,yes
aug_v2a.13950,plum2,25,yes
aug_v2a.14087,plum2,25,yes
aug_v2a.14333,plum2,25,yes
aug_v2a.14754,plum2,25,yes
aug_v2a.15365,plum2,25,yes
aug_v2a.15550,plum2,25,yes
aug_v2a.15816,plum2,25,yes
aug_v2a.16622,plum2,25,yes
aug_v2a.16691,plum2,25,yes
aug_v2a.17242,plum2,25,yes
aug_v2a.18262,plum2,25,yes
aug_v2a.18934,plum2,25,yes
aug_v2a.20320,plum2,25,yes
aug_v2a.23933,plum2,25,yes
aug_v2a.24119,plum2,25,yes
aug_v2a.00269,plum2,25,yes
aug_v2a.00334,plum2,25,yes
aug_v2a.00339,plum2,25,yes
aug_v2a.00816,plum2,25,yes
aug_v2a.01536,plum2,25,yes
aug_v2a.01774,plum2,25,yes
aug_v2a.02021,plum2,25,yes
aug_v2a.02102,plum2,25,yes
aug_v2a.02269,plum2,25,yes
aug_v2a.03098,plum2,25,yes
aug_v2a.03362,plum2,25,yes
aug_v2a.03414,plum2,25,yes
aug_v2a.03557,plum2,25,yes
aug_v2a.03759,plum2,25,yes
aug_v2a.03876,plum2,25,yes
aug_v2a.03944,plum2,25,yes
aug_v2a.04174,plum2,25,yes
aug_v2a.04206,plum2,25,yes
aug_v2a.04930,plum2,25,yes
aug_v2a.05057,plum2,25,yes
aug_v2a.05074,plum2,25,yes
aug_v2a.05085,plum2,25,yes
aug_v2a.05116,plum2,25,yes
aug_v2a.05454,plum2,25,yes
aug_v2a.05639,plum2,25,yes
aug_v2a.05675,plum2,25,yes
aug_v2a.05685,plum2,25,yes
aug_v2a.05922,plum2,25,yes
aug_v2a.06540,plum2,25,yes
aug_v2a.06785,plum2,25,yes
aug_v2a.06916,plum2,25,yes
aug_v2a.07019,plum2,25,yes
aug_v2a.07088,plum2,25,yes
aug_v2a.07979,plum2,25,yes
aug_v2a.08782,plum2,25,yes
aug_v2a.08825,plum2,25,yes
aug_v2a.08994,plum2,25,yes
aug_v2a.09082,plum2,25,yes
aug_v2a.09312,plum2,25,yes
aug_v2a.09431,plum2,25,yes
aug_v2a.09875,plum2,25,yes
aug_v2a.10252,plum2,25,yes
aug_v2a.10383,plum2,25,yes
aug_v2a.10657,plum2,25,yes
aug_v2a.10771,plum2,25,yes
aug_v2a.10996,plum2,25,yes
aug_v2a.12232,plum2,25,yes
aug_v2a.12537,plum2,25,yes
aug_v2a.13445,plum2,25,yes
aug_v2a.13686,plum2,25,yes
aug_v2a.14053,plum2,25,yes
aug_v2a.14426,plum2,25,yes
aug_v2a.15133,plum2,25,yes
aug_v2a.16061,plum2,25,yes
aug_v2a.16389,plum2,25,yes
aug_v2a.16745,plum2,25,yes
aug_v2a.16985,plum2,25,yes
aug_v2a.17141,plum2,25,yes
aug_v2a.17802,plum2,25,yes
aug_v2a.18144,plum2,25,yes
aug_v2a.18382,plum2,25,yes
aug_v2a.18729,plum2,25,yes
aug_v2a.19179,plum2,25,yes
aug_v2a.19369,plum2,25,yes
aug_v2a.21282,plum2,25,yes
aug_v2a.21487,plum2,25,yes
aug_v2a.21625,plum2,25,yes
aug_v2a.22087,plum2,25,yes
aug_v2a.22210,plum2,25,yes
aug_v2a.22631,plum2,25,yes
aug_v2a.22641,plum2,25,yes
aug_v2a.23431,plum2,25,yes
aug_v2a.24110,plum2,25,yes
aug_v2a.24181,plum2,25,yes
aug_v2a.24244,plum2,25,yes
aug_v2a.24669,plum2,25,yes
aug_v2a.00337,plum2,25,no
aug_v2a.00754,plum2,25,no
aug_v2a.00813,plum2,25,no
aug_v2a.00838,plum2,25,no
aug_v2a.01045,plum2,25,no
aug_v2a.01262,plum2,25,no
aug_v2a.01292,plum2,25,no
aug_v2a.01308,plum2,25,no
aug_v2a.01354,plum2,25,no
aug_v2a.01502,plum2,25,no
aug_v2a.01589,plum2,25,no
aug_v2a.01636,plum2,25,no
aug_v2a.01689,plum2,25,no
aug_v2a.01701,plum2,25,no
aug_v2a.02007,plum2,25,no
aug_v2a.02114,plum2,25,no
aug_v2a.02259,plum2,25,no
aug_v2a.02420,plum2,25,no
aug_v2a.02549,plum2,25,no
aug_v2a.02572,plum2,25,no
aug_v2a.02584,plum2,25,no
aug_v2a.02695,plum2,25,no
aug_v2a.02723,plum2,25,no
aug_v2a.02854,plum2,25,no
aug_v2a.02902,plum2,25,no
aug_v2a.02903,plum2,25,no
aug_v2a.02916,plum2,25,no
aug_v2a.02917,plum2,25,no
aug_v2a.03085,plum2,25,no
aug_v2a.03102,plum2,25,no
aug_v2a.03114,plum2,25,no
aug_v2a.03209,plum2,25,no
aug_v2a.04141,plum2,25,no
aug_v2a.04192,plum2,25,no
aug_v2a.04231,plum2,25,no
aug_v2a.04588,plum2,25,no
aug_v2a.04729,plum2,25,no
aug_v2a.04872,plum2,25,no
aug_v2a.04891,plum2,25,no
aug_v2a.05318,plum2,25,no
aug_v2a.05324,plum2,25,no
aug_v2a.05435,plum2,25,no
aug_v2a.05715,plum2,25,no
aug_v2a.05728,plum2,25,no
aug_v2a.05877,plum2,25,no
aug_v2a.06003,plum2,25,no
aug_v2a.06051,plum2,25,no
aug_v2a.06063,plum2,25,no
aug_v2a.06198,plum2,25,no
aug_v2a.06207,plum2,25,no
aug_v2a.06705,plum2,25,no
aug_v2a.06937,plum2,25,no
aug_v2a.06968,plum2,25,no
aug_v2a.07085,plum2,25,no
aug_v2a.07091,plum2,25,no
aug_v2a.07147,plum2,25,no
aug_v2a.07154,plum2,25,no
aug_v2a.07251,plum2,25,no
aug_v2a.07341,plum2,25,no
aug_v2a.07423,plum2,25,no
aug_v2a.07502,plum2,25,no
aug_v2a.07726,plum2,25,no
aug_v2a.07777,plum2,25,no
aug_v2a.07857,plum2,25,no
aug_v2a.07999,plum2,25,no
aug_v2a.08013,plum2,25,no
aug_v2a.08038,plum2,25,no
aug_v2a.08184,plum2,25,no
aug_v2a.08375,plum2,25,no
aug_v2a.08503,plum2,25,no
aug_v2a.08542,plum2,25,no
aug_v2a.08682,plum2,25,no
aug_v2a.08770,plum2,25,no
aug_v2a.08954,plum2,25,no
aug_v2a.08959,plum2,25,no
aug_v2a.09294,plum2,25,no
aug_v2a.09329,plum2,25,no
aug_v2a.09413,plum2,25,no
aug_v2a.09496,plum2,25,no
aug_v2a.09497,plum2,25,no
aug_v2a.09654,plum2,25,no
aug_v2a.09690,plum2,25,no
aug_v2a.09829,plum2,25,no
aug_v2a.09948,plum2,25,no
aug_v2a.09963,plum2,25,no
aug_v2a.09974,plum2,25,no
aug_v2a.10276,plum2,25,no
aug_v2a.10420,plum2,25,no
aug_v2a.10580,plum2,25,no
aug_v2a.10637,plum2,25,no
aug_v2a.10668,plum2,25,no
aug_v2a.10716,plum2,25,no
aug_v2a.10844,plum2,25,no
aug_v2a.11204,plum2,25,no
aug_v2a.11211,plum2,25,no
aug_v2a.11239,plum2,25,no
aug_v2a.11316,plum2,25,no
aug_v2a.11547,plum2,25,no
aug_v2a.11565,plum2,25,no
aug_v2a.11733,plum2,25,no
aug_v2a.11796,plum2,25,no
aug_v2a.11856,plum2,25,no
aug_v2a.11883,plum2,25,no
aug_v2a.12023,plum2,25,no
aug_v2a.12057,plum2,25,no
aug_v2a.12062,plum2,25,no
aug_v2a.12097,plum2,25,no
aug_v2a.12132,plum2,25,no
aug_v2a.12245,plum2,25,no
aug_v2a.12427,plum2,25,no
aug_v2a.12472,plum2,25,no
aug_v2a.12502,plum2,25,no
aug_v2a.12581,plum2,25,no
aug_v2a.12601,plum2,25,no
aug_v2a.12706,plum2,25,no
aug_v2a.13074,plum2,25,no
aug_v2a.13318,plum2,25,no
aug_v2a.13406,plum2,25,no
aug_v2a.13555,plum2,25,no
aug_v2a.13572,plum2,25,no
aug_v2a.13710,plum2,25,no
aug_v2a.13745,plum2,25,no
aug_v2a.13958,plum2,25,no
aug_v2a.14057,plum2,25,no
aug_v2a.14145,plum2,25,no
aug_v2a.14177,plum2,25,no
aug_v2a.14252,plum2,25,no
aug_v2a.14344,plum2,25,no
aug_v2a.14441,plum2,25,no
aug_v2a.14482,plum2,25,no
aug_v2a.14503,plum2,25,no
aug_v2a.14658,plum2,25,no
aug_v2a.14897,plum2,25,no
aug_v2a.15169,plum2,25,no
aug_v2a.15560,plum2,25,no
aug_v2a.15611,plum2,25,no
aug_v2a.15725,plum2,25,no
aug_v2a.15920,plum2,25,no
aug_v2a.16203,plum2,25,no
aug_v2a.16370,plum2,25,no
aug_v2a.16530,plum2,25,no
aug_v2a.16533,plum2,25,no
aug_v2a.16876,plum2,25,no
aug_v2a.16972,plum2,25,no
aug_v2a.17037,plum2,25,no
aug_v2a.17232,plum2,25,no
aug_v2a.17388,plum2,25,no
aug_v2a.17665,plum2,25,no
aug_v2a.17772,plum2,25,no
aug_v2a.17824,plum2,25,no
aug_v2a.17892,plum2,25,no
aug_v2a.17966,plum2,25,no
aug_v2a.18052,plum2,25,no
aug_v2a.18170,plum2,25,no
aug_v2a.18215,plum2,25,no
aug_v2a.18337,plum2,25,no
aug_v2a.18424,plum2,25,no
aug_v2a.18440,plum2,25,no
aug_v2a.18532,plum2,25,no
aug_v2a.18580,plum2,25,no
aug_v2a.18664,plum2,25,no
aug_v2a.18678,plum2,25,no
aug_v2a.19001,plum2,25,no
aug_v2a.19116,plum2,25,no
aug_v2a.19448,plum2,25,no
aug_v2a.19483,plum2,25,no
aug_v2a.19568,plum2,25,no
aug_v2a.19577,plum2,25,no
aug_v2a.19612,plum2,25,no
aug_v2a.19739,plum2,25,no
aug_v2a.19817,plum2,25,no
aug_v2a.20183,plum2,25,no
aug_v2a.20355,plum2,25,no
aug_v2a.20594,plum2,25,no
aug_v2a.20606,plum2,25,no
aug_v2a.20714,plum2,25,no
aug_v2a.21069,plum2,25,no
aug_v2a.21389,plum2,25,no
aug_v2a.21507,plum2,25,no
aug_v2a.21520,plum2,25,no
aug_v2a.21544,plum2,25,no
aug_v2a.21548,plum2,25,no
aug_v2a.21628,plum2,25,no
aug_v2a.21662,plum2,25,no
aug_v2a.21680,plum2,25,no
aug_v2a.21746,plum2,25,no
aug_v2a.21787,plum2,25,no
aug_v2a.21900,plum2,25,no
aug_v2a.22091,plum2,25,no
aug_v2a.22115,plum2,25,no
aug_v2a.22278,plum2,25,no
aug_v2a.22360,plum2,25,no
aug_v2a.22423,plum2,25,no
aug_v2a.22582,plum2,25,no
aug_v2a.22731,plum2,25,no
aug_v2a.22733,plum2,25,no
aug_v2a.22748,plum2,25,no
aug_v2a.23036,plum2,25,no
aug_v2a.23078,plum2,25,no
aug_v2a.23366,plum2,25,no
aug_v2a.23378,plum2,25,no
aug_v2a.23707,plum2,25,no
aug_v2a.23730,plum2,25,no
aug_v2a.23767,plum2,25,no
aug_v2a.23794,plum2,25,no
aug_v2a.23817,plum2,25,no
aug_v2a.23823,plum2,25,no
aug_v2a.23824,plum2,25,no
aug_v2a.23831,plum2,25,no
aug_v2a.23975,plum2,25,no
aug_v2a.23998,plum2,25,no
aug_v2a.24075,plum2,25,no
aug_v2a.24227,plum2,25,no
aug_v2a.24237,plum2,25,no
aug_v2a.24274,plum2,25,no
aug_v2a.24301,plum2,25,no
aug_v2a.24322,plum2,25,no
aug_v2a.24351,plum2,25,no
aug_v2a.24415,plum2,25,no
aug_v2a.24475,plum2,25,no
aug_v2a.24482,plum2,25,no
aug_v2a.24610,plum2,25,no
aug_v2a.24623,plum2,25,no
